{"CrestronSerialDeviceApi":{"DeviceSupport":{"SupportsArrowKeys":true,"SupportsChangeChannel":true,"SupportsChangeVolume":true,"SupportsChannelFeedback":true,"SupportsDash":true,"SupportsDiscreteMute":true,"SupportsDiscretePower":true,"SupportsEnter":true,"SupportsExit":true,"SupportsFavorite":true,"SupportsGuide":true,"SupportsInfo":true,"SupportsKeypadNumber":true,"SupportsMenu":true,"SupportsMute":true,"SupportsMuteFeedback":true,"SupportsPowerFeedback":true,"SupportsSetChannel":true,"SupportsSetVolume":true,"SupportsTogglePower":true,"SupportsVolumePercentFeedback":true,"SupportsFeedback":true,"SupportsSelect":true},"DeviceSupport2":null,"GeneralInformation":{"DeviceType":"Cable Box","Manufacturer":"Contemporary Research","BaseModel":"232-ATSC 4","VersionDate":"2023-07-06 19:07:33.000","DriverVersion":"20.0000.0023","SdkVersion":"2.00.002","Description":"Contemporary Research HDTV Tuner","Guid":"12ec3f14-bbc6-4fce-a66f-390197ba5b63","DependencyGroup":"","Developer":{"Company":"Crestron","Contact":"Crestron Support","Email":"support@crestron.com","Website":"www.crestron.com","PhoneNumber":"(888) 273-7876"},"SupportedSeries":[],"SupportedModels":["232-ATSC 4","232-ATSC 4K"]},"Api":{"Communication":{"CommunicationType":0,"Protocol":0,"Baud":256,"Parity":0,"HwHandshake":0,"SwHandshake":0,"DataBits":8,"StopBits":1,"Port":0,"EnableAutoPolling":true,"EnableAutoReconnect":false,"TimeBetweenCommands":0,"ResponseTimeout":3000,"WaitForResponse":false,"IpProtocol":0,"IsUserAdjustable":false,"Authentication":{"Type":"None","Required":false},"IsSecure":false,"UserAdjustableProperties":[],"DeviceId":0},"PowerWaitPeriod":{"UseLocalWarmupTimer":false,"WarmUpTime":0,"UseLocalCooldownTimer":false,"CoolDownTime":0},"StandardCommands":{"PowerOn":{"StandardCommand":6602,"Command":"P1","Parameters":[]},"PowerOff":{"StandardCommand":6601,"Command":"P0","Parameters":[]},"Power":{"StandardCommand":6600,"Command":"PT","Parameters":[]},"Vol":{"StandardCommand":7000,"Command":"VH !$[0]","Parameters":[{"Type":1,"PadCharacter":" ","PadDirection":0,"Id":"0","Max":100,"Min":0,"StaticDataWidth":1}]},"VolMinus":{"StandardCommand":7001,"Command":"KK=25","Parameters":[]},"VolPlus":{"StandardCommand":7002,"Command":"KK=24","Parameters":[]},"MuteOn":{"StandardCommand":4602,"Command":"VM","Parameters":[]},"MuteOff":{"StandardCommand":4601,"Command":"VX","Parameters":[]},"Mute":{"StandardCommand":4600,"Command":"KK=26","Parameters":[]},"DownArrow":{"StandardCommand":10000,"Command":"KK=109","Parameters":[]},"LeftArrow":{"StandardCommand":10200,"Command":"KK-107","Parameters":[]},"RightArrow":{"StandardCommand":10400,"Command":"KK=106","Parameters":[]},"UpArrow":{"StandardCommand":10600,"Command":"KK=108","Parameters":[]},"Enter":{"StandardCommand":10800,"Command":"KK=110","Parameters":[]},"Exit":{"StandardCommand":11600,"Command":"KK=111","Parameters":[]},"Channel":{"StandardCommand":5600,"Command":"TC=!$[0]","Parameters":[{"Type":1,"PadCharacter":"0","PadDirection":0,"Id":"0","Max":100,"Min":1,"StaticDataWidth":4}]},"ChannelUp":{"StandardCommand":5601,"Command":"TU","Parameters":[]},"ChannelDown":{"StandardCommand":5602,"Command":"TD","Parameters":[]},"Info":{"StandardCommand":15400,"Command":"KK=100","Parameters":[]},"Guide":{"StandardCommand":17000,"Command":"KK=63","Parameters":[]},"_0":{"StandardCommand":7400,"Command":"KK=10","Parameters":[]},"_1":{"StandardCommand":7401,"Command":"KK=11","Parameters":[]},"_2":{"StandardCommand":7402,"Command":"KK=12","Parameters":[]},"_3":{"StandardCommand":7403,"Command":"KK=13","Parameters":[]},"_4":{"StandardCommand":7404,"Command":"KK=14","Parameters":[]},"_5":{"StandardCommand":7405,"Command":"KK=15","Parameters":[]},"_6":{"StandardCommand":7406,"Command":"KK=16","Parameters":[]},"_7":{"StandardCommand":7407,"Command":"KK=17","Parameters":[]},"_8":{"StandardCommand":7408,"Command":"KK=18","Parameters":[]},"_9":{"StandardCommand":7409,"Command":"KK=19","Parameters":[]},"Favorite":{"StandardCommand":16800,"Command":"KK=88","Parameters":[]},"Menu":{"StandardCommand":15200,"Command":"KK=105","Parameters":[]},"PowerPoll":{"StandardCommand":6603,"Command":"ST","Parameters":[]},"VolumePoll":{"StandardCommand":7003,"Command":"SV","Parameters":[]},"MutePoll":{"StandardCommand":4603,"Command":"SV","Parameters":[]},"ChannelPoll":{"StandardCommand":5603,"Command":"ST","Parameters":[]},"Dash":{"StandardCommand":20800,"Command":"KK=99","Parameters":[]},"Select":{"StandardCommand":10700,"Command":"KK=110","Parameters":[]}},"CustomCommands":[],"ArrowKeys":[0,1,2,3],"ColorButtons":[0,1,2,3],"LetterButtons":[0,1,2,3],"Feedback":{"Header":"","PowerFeedback":{"Feedback":{},"GroupHeader":""},"MuteFeedback":{"Feedback":{},"GroupHeader":""},"VolumeFeedback":{"GroupHeader":""},"ChannelFeedback":{"GroupHeader":""},"CommandAckNak":{"Ack":"100","Nak":"100"},"EnergyStarFeedback":{"Feedback":{},"GroupHeader":""}},"AudioInOut":{"Inputs":[],"Outputs":[]},"VideoInOut":{"Inputs":[],"Outputs":[]}},"UserAttributes":[]}}