{"CrestronSerialDeviceApi":{"DeviceSupport":{"SupportsArrowKeys":true,"SupportsBack":true,"SupportsForwardScan":true,"SupportsHome":true,"SupportsKeypadBackSpace":true,"SupportsMenu":true,"SupportsReverseScan":true,"SupportsSelect":true,"SupportsAsterisk":true},"DeviceSupport2":["SupportsSearch","SupportsReplay","SupportsPlayPause"],"GeneralInformation":{"DeviceType":"Video Server","Manufacturer":"Roku","BaseModel":"Premiere 4620X","VersionDate":"2023-07-06 19:07:35.000","DriverVersion":"20.0000.0023","SdkVersion":"2.00.004","Description":"Roku Premiere","Guid":"B467AD52-4B54-43CE-AEAA-279DC7FAFDA8","DependencyGroup":"","Developer":{"Company":"Crestron","Contact":"Crestron Support","Email":"support@crestron.com","Website":"www.crestron.com","PhoneNumber":"(888) 273-7876"},"SupportedSeries":["Roku"],"SupportedModels":["Premiere 4620X","LT (2400X)","LT (2450X)","LT (2700X)","1 (2710X)","SE (2710X)","2 (2720X)","2 HD (3000X)","2 XD (3050X)","2 XS (3100X)","Express (3700X)","Express Plus (3710X)","Express (3900X)","Express+ (3910X)","3 (4200X)","2 (4210X)","3 (4230X)","4 (4400X)","Premiere Plus (4630X)","Ultra (4640X)","Ultra (4660X)","Streaming Stick (3500X)","Streaming Stick (3600X)","Streaming Stick (3800X)","Streaming Stick+ (3810X)"]},"Api":{"Communication":{"CommunicationType":1,"Protocol":0,"Baud":256,"Parity":0,"HwHandshake":0,"SwHandshake":0,"DataBits":8,"StopBits":1,"Port":8060,"EnableAutoPolling":true,"EnableAutoReconnect":false,"TimeBetweenCommands":0,"TimeBetweenCommandsOverride":0,"ResponseTimeout":1000,"WaitForResponse":false,"IpProtocol":0,"IsUserAdjustable":false,"Authentication":{"Type":"None","Required":false},"IsSecure":false,"UserAdjustableProperties":null,"DeviceId":0},"ArtworkModes":{"SupportsArtworkMode":false,"SupportsArtworkModeOnPowerOff":false,"ArtworkModeOnCommand":"","ArtworkModeOffCommand":""},"VideoConfigurations":{"SupportsDisplayModes":false,"DisplayModes":[]},"MediaServiceProviders":{"SupportsMediaServices":true,"HasDirectAccessToApps":true,"SupportsActiveMediaServiceFeedback":true,"SupportsActiveMediaServiceStateFeedback":false,"SupportsMediaServiceSubscriptionStateFeedback":false,"AvailableServices":[{"Id":"netflix","FriendlyName":"Netflix","Command":"launch/12","IsBranded":true,"IsSelectable":true,"SupportedFeatureData":[{"ComponentInterface":"INavigation","SupportStatements":["SupportsArrowKeys","SupportsUpDown","SupportsLeftRight","SupportsSelect","SupportsHome","SupportsMenu"]},{"ComponentInterface":"INavigation2","SupportStatements":["SupportsSearch"]},{"ComponentInterface":"IMediaTransport","SupportStatements":["SupportsForwardScan","SupportsReverseScan","SupportsBack"]},{"ComponentInterface":"IMediaTransport2","SupportStatements":["SupportsPlayPause"]},{"ComponentInterface":"IKeyPad","SupportStatements":["SupportsAsterisk"]},{"ComponentInterface":"BasicVideoServer3","SupportStatements":["SupportsReplay"]}]},{"Id":"amazon","FriendlyName":"Amazon","Command":"launch/13","IsBranded":true,"IsSelectable":true,"SupportedFeatureData":[{"ComponentInterface":"INavigation","SupportStatements":["SupportsArrowKeys","SupportsUpDown","SupportsLeftRight","SupportsSelect","SupportsHome","SupportsMenu"]},{"ComponentInterface":"INavigation2","SupportStatements":["SupportsSearch"]},{"ComponentInterface":"IMediaTransport","SupportStatements":["SupportsForwardScan","SupportsReverseScan","SupportsBack"]},{"ComponentInterface":"IMediaTransport2","SupportStatements":["SupportsPlayPause"]},{"ComponentInterface":"IKeyPad","SupportStatements":["SupportsAsterisk"]},{"ComponentInterface":"BasicVideoServer3","SupportStatements":["SupportsReplay"]}]},{"Id":"hulu","FriendlyName":"Hulu","Command":"launch/2285","IsBranded":true,"IsSelectable":true,"SupportedFeatureData":[{"ComponentInterface":"INavigation","SupportStatements":["SupportsArrowKeys","SupportsUpDown","SupportsLeftRight","SupportsSelect","SupportsHome","SupportsMenu"]},{"ComponentInterface":"INavigation2","SupportStatements":["SupportsSearch"]},{"ComponentInterface":"IMediaTransport","SupportStatements":["SupportsForwardScan","SupportsReverseScan","SupportsBack"]},{"ComponentInterface":"IMediaTransport2","SupportStatements":["SupportsPlayPause"]},{"ComponentInterface":"IKeyPad","SupportStatements":["SupportsAsterisk"]},{"ComponentInterface":"BasicVideoServer3","SupportStatements":["SupportsReplay"]}]},{"Id":"slingtv","FriendlyName":"Sling TV","Command":"launch/46041","IsBranded":true,"IsSelectable":true,"SupportedFeatureData":[{"ComponentInterface":"INavigation","SupportStatements":["SupportsArrowKeys","SupportsUpDown","SupportsLeftRight","SupportsSelect","SupportsHome","SupportsMenu"]},{"ComponentInterface":"INavigation2","SupportStatements":["SupportsSearch"]},{"ComponentInterface":"IMediaTransport","SupportStatements":["SupportsForwardScan","SupportsReverseScan","SupportsBack"]},{"ComponentInterface":"IMediaTransport2","SupportStatements":["SupportsPlayPause"]},{"ComponentInterface":"IKeyPad","SupportStatements":["SupportsAsterisk"]},{"ComponentInterface":"BasicVideoServer3","SupportStatements":["SupportsReplay"]}]},{"Id":"showtime","FriendlyName":"ShowTime","Command":"launch/8838","IsBranded":true,"IsSelectable":true,"SupportedFeatureData":[{"ComponentInterface":"INavigation","SupportStatements":["SupportsArrowKeys","SupportsUpDown","SupportsLeftRight","SupportsSelect","SupportsHome","SupportsMenu"]},{"ComponentInterface":"INavigation2","SupportStatements":["SupportsSearch"]},{"ComponentInterface":"IMediaTransport","SupportStatements":["SupportsForwardScan","SupportsReverseScan","SupportsBack"]},{"ComponentInterface":"IMediaTransport2","SupportStatements":["SupportsPlayPause"]},{"ComponentInterface":"IKeyPad","SupportStatements":["SupportsAsterisk"]},{"ComponentInterface":"BasicVideoServer3","SupportStatements":["SupportsReplay"]}]},{"Id":"rokuchannel","FriendlyName":"The Roku Channel","Command":"launch/151908","IsBranded":true,"IsSelectable":true,"SupportedFeatureData":[{"ComponentInterface":"INavigation","SupportStatements":["SupportsArrowKeys","SupportsUpDown","SupportsLeftRight","SupportsSelect","SupportsHome","SupportsMenu"]},{"ComponentInterface":"INavigation2","SupportStatements":["SupportsSearch"]},{"ComponentInterface":"IMediaTransport","SupportStatements":["SupportsForwardScan","SupportsReverseScan","SupportsBack"]},{"ComponentInterface":"IMediaTransport2","SupportStatements":["SupportsPlayPause"]},{"ComponentInterface":"IKeyPad","SupportStatements":["SupportsAsterisk"]},{"ComponentInterface":"BasicVideoServer3","SupportStatements":["SupportsReplay"]}]},{"Id":"hbonow","FriendlyName":"HBONOW","Command":"launch/61322","IsBranded":true,"IsSelectable":true,"SupportedFeatureData":[{"ComponentInterface":"INavigation","SupportStatements":["SupportsArrowKeys","SupportsUpDown","SupportsLeftRight","SupportsSelect","SupportsHome","SupportsMenu"]},{"ComponentInterface":"INavigation2","SupportStatements":["SupportsSearch"]},{"ComponentInterface":"IMediaTransport","SupportStatements":["SupportsForwardScan","SupportsReverseScan","SupportsBack"]},{"ComponentInterface":"IMediaTransport2","SupportStatements":["SupportsPlayPause"]},{"ComponentInterface":"IKeyPad","SupportStatements":["SupportsAsterisk"]},{"ComponentInterface":"BasicVideoServer3","SupportStatements":["SupportsReplay"]}]},{"Id":"vudu","FriendlyName":"VUDU","Command":"launch/13842","IsBranded":true,"IsSelectable":true,"SupportedFeatureData":[{"ComponentInterface":"INavigation","SupportStatements":["SupportsArrowKeys","SupportsUpDown","SupportsLeftRight","SupportsSelect","SupportsHome","SupportsMenu"]},{"ComponentInterface":"INavigation2","SupportStatements":["SupportsSearch"]},{"ComponentInterface":"IMediaTransport","SupportStatements":["SupportsForwardScan","SupportsReverseScan","SupportsBack"]},{"ComponentInterface":"IMediaTransport2","SupportStatements":["SupportsPlayPause"]},{"ComponentInterface":"IKeyPad","SupportStatements":["SupportsAsterisk"]},{"ComponentInterface":"BasicVideoServer3","SupportStatements":["SupportsReplay"]}]},{"Id":"pandora","FriendlyName":"Pandora","Command":"launch/28","IsBranded":true,"IsSelectable":true,"SupportedFeatureData":[{"ComponentInterface":"INavigation","SupportStatements":["SupportsArrowKeys","SupportsUpDown","SupportsLeftRight","SupportsSelect","SupportsHome","SupportsMenu"]},{"ComponentInterface":"INavigation2","SupportStatements":["SupportsSearch"]},{"ComponentInterface":"IMediaTransport","SupportStatements":["SupportsForwardScan","SupportsReverseScan","SupportsBack"]},{"ComponentInterface":"IMediaTransport2","SupportStatements":["SupportsPlayPause"]},{"ComponentInterface":"IKeyPad","SupportStatements":["SupportsAsterisk"]},{"ComponentInterface":"BasicVideoServer3","SupportStatements":["SupportsReplay"]}]},{"Id":"stingrayqello","FriendlyName":"Stingray Qello","Command":"launch/40299","IsBranded":true,"IsSelectable":true,"SupportedFeatureData":[{"ComponentInterface":"INavigation","SupportStatements":["SupportsArrowKeys","SupportsUpDown","SupportsLeftRight","SupportsSelect","SupportsHome","SupportsMenu"]},{"ComponentInterface":"INavigation2","SupportStatements":["SupportsSearch"]},{"ComponentInterface":"IMediaTransport","SupportStatements":["SupportsForwardScan","SupportsReverseScan","SupportsBack"]},{"ComponentInterface":"IMediaTransport2","SupportStatements":["SupportsPlayPause"]},{"ComponentInterface":"IKeyPad","SupportStatements":["SupportsAsterisk"]},{"ComponentInterface":"BasicVideoServer3","SupportStatements":["SupportsReplay"]}]},{"Id":"amazonmusic","FriendlyName":"Amazon Music","Command":"launch/14362","IsBranded":true,"IsSelectable":true,"SupportedFeatureData":[{"ComponentInterface":"INavigation","SupportStatements":["SupportsArrowKeys","SupportsUpDown","SupportsLeftRight","SupportsSelect","SupportsHome","SupportsMenu"]},{"ComponentInterface":"INavigation2","SupportStatements":["SupportsSearch"]},{"ComponentInterface":"IMediaTransport","SupportStatements":["SupportsForwardScan","SupportsReverseScan","SupportsBack"]},{"ComponentInterface":"IMediaTransport2","SupportStatements":["SupportsPlayPause"]},{"ComponentInterface":"IKeyPad","SupportStatements":["SupportsAsterisk"]},{"ComponentInterface":"BasicVideoServer3","SupportStatements":["SupportsReplay"]}]},{"Id":"funimationnow","FriendlyName":"FunimationNow","Command":"launch/14654","IsBranded":true,"IsSelectable":true,"SupportedFeatureData":[{"ComponentInterface":"INavigation","SupportStatements":["SupportsArrowKeys","SupportsUpDown","SupportsLeftRight","SupportsSelect","SupportsHome","SupportsMenu"]},{"ComponentInterface":"INavigation2","SupportStatements":["SupportsSearch"]},{"ComponentInterface":"IMediaTransport","SupportStatements":["SupportsForwardScan","SupportsReverseScan","SupportsBack"]},{"ComponentInterface":"IMediaTransport2","SupportStatements":["SupportsPlayPause"]},{"ComponentInterface":"IKeyPad","SupportStatements":["SupportsAsterisk"]},{"ComponentInterface":"BasicVideoServer3","SupportStatements":["SupportsReplay"]}]},{"Id":"midnightpulp","FriendlyName":"Midnight Pulp","Command":"launch/17639","IsBranded":true,"IsSelectable":true,"SupportedFeatureData":[{"ComponentInterface":"INavigation","SupportStatements":["SupportsArrowKeys","SupportsUpDown","SupportsLeftRight","SupportsSelect","SupportsHome","SupportsMenu"]},{"ComponentInterface":"INavigation2","SupportStatements":["SupportsSearch"]},{"ComponentInterface":"IMediaTransport","SupportStatements":["SupportsForwardScan","SupportsReverseScan","SupportsBack"]},{"ComponentInterface":"IMediaTransport2","SupportStatements":["SupportsPlayPause"]},{"ComponentInterface":"IKeyPad","SupportStatements":["SupportsAsterisk"]},{"ComponentInterface":"BasicVideoServer3","SupportStatements":["SupportsReplay"]}]},{"Id":"youtube","FriendlyName":"YouTube","Command":"launch/837","IsBranded":true,"IsSelectable":true,"SupportedFeatureData":[{"ComponentInterface":"INavigation","SupportStatements":["SupportsArrowKeys","SupportsUpDown","SupportsLeftRight","SupportsSelect","SupportsHome","SupportsMenu"]},{"ComponentInterface":"INavigation2","SupportStatements":["SupportsSearch"]},{"ComponentInterface":"IMediaTransport","SupportStatements":["SupportsForwardScan","SupportsReverseScan","SupportsBack"]},{"ComponentInterface":"IMediaTransport2","SupportStatements":["SupportsPlayPause"]},{"ComponentInterface":"IKeyPad","SupportStatements":["SupportsAsterisk"]},{"ComponentInterface":"BasicVideoServer3","SupportStatements":["SupportsReplay"]}]},{"Id":"crackle","FriendlyName":"Crackle","Command":"launch/2016","IsBranded":true,"IsSelectable":true,"SupportedFeatureData":[{"ComponentInterface":"INavigation","SupportStatements":["SupportsArrowKeys","SupportsUpDown","SupportsLeftRight","SupportsSelect","SupportsHome","SupportsMenu"]},{"ComponentInterface":"INavigation2","SupportStatements":["SupportsSearch"]},{"ComponentInterface":"IMediaTransport","SupportStatements":["SupportsForwardScan","SupportsReverseScan","SupportsBack"]},{"ComponentInterface":"IMediaTransport2","SupportStatements":["SupportsPlayPause"]},{"ComponentInterface":"IKeyPad","SupportStatements":["SupportsAsterisk"]},{"ComponentInterface":"BasicVideoServer3","SupportStatements":["SupportsReplay"]}]},{"Id":"ted","FriendlyName":"TED","Command":"launch/4070","IsBranded":true,"IsSelectable":true,"SupportedFeatureData":[{"ComponentInterface":"INavigation","SupportStatements":["SupportsArrowKeys","SupportsUpDown","SupportsLeftRight","SupportsSelect","SupportsHome","SupportsMenu"]},{"ComponentInterface":"INavigation2","SupportStatements":["SupportsSearch"]},{"ComponentInterface":"IMediaTransport","SupportStatements":["SupportsForwardScan","SupportsReverseScan","SupportsBack"]},{"ComponentInterface":"IMediaTransport2","SupportStatements":["SupportsPlayPause"]},{"ComponentInterface":"IKeyPad","SupportStatements":["SupportsAsterisk"]},{"ComponentInterface":"BasicVideoServer3","SupportStatements":["SupportsReplay"]}]},{"Id":"pokemontv","FriendlyName":"PokemonTV","Command":"launch/50867","IsBranded":true,"IsSelectable":true,"SupportedFeatureData":[{"ComponentInterface":"INavigation","SupportStatements":["SupportsArrowKeys","SupportsUpDown","SupportsLeftRight","SupportsSelect","SupportsHome","SupportsMenu"]},{"ComponentInterface":"INavigation2","SupportStatements":["SupportsSearch"]},{"ComponentInterface":"IMediaTransport","SupportStatements":["SupportsForwardScan","SupportsReverseScan","SupportsBack"]},{"ComponentInterface":"IMediaTransport2","SupportStatements":["SupportsPlayPause"]},{"ComponentInterface":"IKeyPad","SupportStatements":["SupportsAsterisk"]},{"ComponentInterface":"BasicVideoServer3","SupportStatements":["SupportsReplay"]}]},{"Id":"4kspotlight","FriendlyName":"4K Spotlight","Command":"launch/69091","IsBranded":true,"IsSelectable":true,"SupportedFeatureData":[{"ComponentInterface":"INavigation","SupportStatements":["SupportsArrowKeys","SupportsUpDown","SupportsLeftRight","SupportsSelect","SupportsHome","SupportsMenu"]},{"ComponentInterface":"INavigation2","SupportStatements":["SupportsSearch"]},{"ComponentInterface":"IMediaTransport","SupportStatements":["SupportsForwardScan","SupportsReverseScan","SupportsBack"]},{"ComponentInterface":"IMediaTransport2","SupportStatements":["SupportsPlayPause"]},{"ComponentInterface":"IKeyPad","SupportStatements":["SupportsAsterisk"]},{"ComponentInterface":"BasicVideoServer3","SupportStatements":["SupportsReplay"]}]},{"Id":"googleplaymovies\u0026tv","FriendlyName":"Google Play Movies \u0026 TV","Command":"launch/50025","IsBranded":true,"IsSelectable":true,"SupportedFeatureData":[{"ComponentInterface":"INavigation","SupportStatements":["SupportsArrowKeys","SupportsUpDown","SupportsLeftRight","SupportsSelect","SupportsHome","SupportsMenu"]},{"ComponentInterface":"INavigation2","SupportStatements":["SupportsSearch"]},{"ComponentInterface":"IMediaTransport","SupportStatements":["SupportsForwardScan","SupportsReverseScan","SupportsBack"]},{"ComponentInterface":"IMediaTransport2","SupportStatements":["SupportsPlayPause"]},{"ComponentInterface":"IKeyPad","SupportStatements":["SupportsAsterisk"]},{"ComponentInterface":"BasicVideoServer3","SupportStatements":["SupportsReplay"]}]},{"Id":"rokumediaplayer","FriendlyName":"Roku Media Player","Command":"launch/2213","IsBranded":true,"IsSelectable":true,"SupportedFeatureData":[{"ComponentInterface":"INavigation","SupportStatements":["SupportsArrowKeys","SupportsUpDown","SupportsLeftRight","SupportsSelect","SupportsHome","SupportsMenu"]},{"ComponentInterface":"INavigation2","SupportStatements":["SupportsSearch"]},{"ComponentInterface":"IMediaTransport","SupportStatements":["SupportsForwardScan","SupportsReverseScan","SupportsBack"]},{"ComponentInterface":"IMediaTransport2","SupportStatements":["SupportsPlayPause"]},{"ComponentInterface":"IKeyPad","SupportStatements":["SupportsAsterisk"]},{"ComponentInterface":"BasicVideoServer3","SupportStatements":["SupportsReplay"]}]},{"Id":"crunchyroll","FriendlyName":"Crunchyroll","Command":"launch/2595","IsBranded":true,"IsSelectable":true,"SupportedFeatureData":[{"ComponentInterface":"INavigation","SupportStatements":["SupportsArrowKeys","SupportsUpDown","SupportsLeftRight","SupportsSelect","SupportsHome","SupportsMenu"]},{"ComponentInterface":"INavigation2","SupportStatements":["SupportsSearch"]},{"ComponentInterface":"IMediaTransport","SupportStatements":["SupportsForwardScan","SupportsReverseScan","SupportsBack"]},{"ComponentInterface":"IMediaTransport2","SupportStatements":["SupportsPlayPause"]},{"ComponentInterface":"IKeyPad","SupportStatements":["SupportsAsterisk"]},{"ComponentInterface":"BasicVideoServer3","SupportStatements":["SupportsReplay"]}]},{"Id":"tubifreemovies\u0026tv","FriendlyName":"Tubi - Free Movies \u0026 TV","Command":"launch/41468","IsBranded":true,"IsSelectable":true,"SupportedFeatureData":[{"ComponentInterface":"INavigation","SupportStatements":["SupportsArrowKeys","SupportsUpDown","SupportsLeftRight","SupportsSelect","SupportsHome","SupportsMenu"]},{"ComponentInterface":"INavigation2","SupportStatements":["SupportsSearch"]},{"ComponentInterface":"IMediaTransport","SupportStatements":["SupportsForwardScan","SupportsReverseScan","SupportsBack"]},{"ComponentInterface":"IMediaTransport2","SupportStatements":["SupportsPlayPause"]},{"ComponentInterface":"IKeyPad","SupportStatements":["SupportsAsterisk"]},{"ComponentInterface":"BasicVideoServer3","SupportStatements":["SupportsReplay"]}]},{"Id":"plutotvitsfreetv","FriendlyName":"Pluto TV - Free TV","Command":"launch/74519","IsBranded":true,"IsSelectable":true,"SupportedFeatureData":[{"ComponentInterface":"INavigation","SupportStatements":["SupportsArrowKeys","SupportsUpDown","SupportsLeftRight","SupportsSelect","SupportsHome","SupportsMenu"]},{"ComponentInterface":"INavigation2","SupportStatements":["SupportsSearch"]},{"ComponentInterface":"IMediaTransport","SupportStatements":["SupportsForwardScan","SupportsReverseScan","SupportsBack"]},{"ComponentInterface":"IMediaTransport2","SupportStatements":["SupportsPlayPause"]},{"ComponentInterface":"IKeyPad","SupportStatements":["SupportsAsterisk"]},{"ComponentInterface":"BasicVideoServer3","SupportStatements":["SupportsReplay"]}]},{"Id":"at\u0026ttv","FriendlyName":"AT\u0026T TV","Command":"launch/140474","IsBranded":true,"IsSelectable":true,"SupportedFeatureData":[{"ComponentInterface":"INavigation","SupportStatements":["SupportsArrowKeys","SupportsUpDown","SupportsLeftRight","SupportsSelect","SupportsHome","SupportsMenu"]},{"ComponentInterface":"INavigation2","SupportStatements":["SupportsSearch"]},{"ComponentInterface":"IMediaTransport","SupportStatements":["SupportsForwardScan","SupportsReverseScan","SupportsBack"]},{"ComponentInterface":"IMediaTransport2","SupportStatements":["SupportsPlayPause"]},{"ComponentInterface":"IKeyPad","SupportStatements":["SupportsAsterisk"]},{"ComponentInterface":"BasicVideoServer3","SupportStatements":["SupportsReplay"]}]},{"Id":"fxnow","FriendlyName":"FXNOW","Command":"launch/47389","IsBranded":true,"IsSelectable":true,"SupportedFeatureData":[{"ComponentInterface":"INavigation","SupportStatements":["SupportsArrowKeys","SupportsUpDown","SupportsLeftRight","SupportsSelect","SupportsHome","SupportsMenu"]},{"ComponentInterface":"INavigation2","SupportStatements":["SupportsSearch"]},{"ComponentInterface":"IMediaTransport","SupportStatements":["SupportsForwardScan","SupportsReverseScan","SupportsBack"]},{"ComponentInterface":"IMediaTransport2","SupportStatements":["SupportsPlayPause"]},{"ComponentInterface":"IKeyPad","SupportStatements":["SupportsAsterisk"]},{"ComponentInterface":"BasicVideoServer3","SupportStatements":["SupportsReplay"]}]},{"Id":"espn","FriendlyName":"ESPN","Command":"launch/34376","IsBranded":true,"IsSelectable":true,"SupportedFeatureData":[{"ComponentInterface":"INavigation","SupportStatements":["SupportsArrowKeys","SupportsUpDown","SupportsLeftRight","SupportsSelect","SupportsHome","SupportsMenu"]},{"ComponentInterface":"INavigation2","SupportStatements":["SupportsSearch"]},{"ComponentInterface":"IMediaTransport","SupportStatements":["SupportsForwardScan","SupportsReverseScan","SupportsBack"]},{"ComponentInterface":"IMediaTransport2","SupportStatements":["SupportsPlayPause"]},{"ComponentInterface":"IKeyPad","SupportStatements":["SupportsAsterisk"]},{"ComponentInterface":"BasicVideoServer3","SupportStatements":["SupportsReplay"]}]},{"Id":"nflnetwork","FriendlyName":"NFL","Command":"launch/44856","IsBranded":true,"IsSelectable":true,"SupportedFeatureData":[{"ComponentInterface":"INavigation","SupportStatements":["SupportsArrowKeys","SupportsUpDown","SupportsLeftRight","SupportsSelect","SupportsHome","SupportsMenu"]},{"ComponentInterface":"INavigation2","SupportStatements":["SupportsSearch"]},{"ComponentInterface":"IMediaTransport","SupportStatements":["SupportsForwardScan","SupportsReverseScan","SupportsBack"]},{"ComponentInterface":"IMediaTransport2","SupportStatements":["SupportsPlayPause"]},{"ComponentInterface":"IKeyPad","SupportStatements":["SupportsAsterisk"]},{"ComponentInterface":"BasicVideoServer3","SupportStatements":["SupportsReplay"]}]},{"Id":"nbatv","FriendlyName":"NBA","Command":"launch/1508","IsBranded":true,"IsSelectable":true,"SupportedFeatureData":[{"ComponentInterface":"INavigation","SupportStatements":["SupportsArrowKeys","SupportsUpDown","SupportsLeftRight","SupportsSelect","SupportsHome","SupportsMenu"]},{"ComponentInterface":"INavigation2","SupportStatements":["SupportsSearch"]},{"ComponentInterface":"IMediaTransport","SupportStatements":["SupportsForwardScan","SupportsReverseScan","SupportsBack"]},{"ComponentInterface":"IMediaTransport2","SupportStatements":["SupportsPlayPause"]},{"ComponentInterface":"IKeyPad","SupportStatements":["SupportsAsterisk"]},{"ComponentInterface":"BasicVideoServer3","SupportStatements":["SupportsReplay"]}]},{"Id":"nflsundayticket","FriendlyName":"NFL SUNDAY TICKET","Command":"launch/63772","IsBranded":true,"IsSelectable":true,"SupportedFeatureData":[{"ComponentInterface":"INavigation","SupportStatements":["SupportsArrowKeys","SupportsUpDown","SupportsLeftRight","SupportsSelect","SupportsHome","SupportsMenu"]},{"ComponentInterface":"INavigation2","SupportStatements":["SupportsSearch"]},{"ComponentInterface":"IMediaTransport","SupportStatements":["SupportsForwardScan","SupportsReverseScan","SupportsBack"]},{"ComponentInterface":"IMediaTransport2","SupportStatements":["SupportsPlayPause"]},{"ComponentInterface":"IKeyPad","SupportStatements":["SupportsAsterisk"]},{"ComponentInterface":"BasicVideoServer3","SupportStatements":["SupportsReplay"]}]},{"Id":"foxbusinessnetwork","FriendlyName":"Fox Business Network","Command":"launch/18746","IsBranded":true,"IsSelectable":true,"SupportedFeatureData":[{"ComponentInterface":"INavigation","SupportStatements":["SupportsArrowKeys","SupportsUpDown","SupportsLeftRight","SupportsSelect","SupportsHome","SupportsMenu"]},{"ComponentInterface":"INavigation2","SupportStatements":["SupportsSearch"]},{"ComponentInterface":"IMediaTransport","SupportStatements":["SupportsForwardScan","SupportsReverseScan","SupportsBack"]},{"ComponentInterface":"IMediaTransport2","SupportStatements":["SupportsPlayPause"]},{"ComponentInterface":"IKeyPad","SupportStatements":["SupportsAsterisk"]},{"ComponentInterface":"BasicVideoServer3","SupportStatements":["SupportsReplay"]}]},{"Id":"thewallstreetjournal","FriendlyName":"The Wall Street Journal","Command":"launch/8629","IsBranded":true,"IsSelectable":true,"SupportedFeatureData":[{"ComponentInterface":"INavigation","SupportStatements":["SupportsArrowKeys","SupportsUpDown","SupportsLeftRight","SupportsSelect","SupportsHome","SupportsMenu"]},{"ComponentInterface":"INavigation2","SupportStatements":["SupportsSearch"]},{"ComponentInterface":"IMediaTransport","SupportStatements":["SupportsForwardScan","SupportsReverseScan","SupportsBack"]},{"ComponentInterface":"IMediaTransport2","SupportStatements":["SupportsPlayPause"]},{"ComponentInterface":"IKeyPad","SupportStatements":["SupportsAsterisk"]},{"ComponentInterface":"BasicVideoServer3","SupportStatements":["SupportsReplay"]}]},{"Id":"nbcnews","FriendlyName":"NBC News","Command":"launch/9581","IsBranded":true,"IsSelectable":true,"SupportedFeatureData":[{"ComponentInterface":"INavigation","SupportStatements":["SupportsArrowKeys","SupportsUpDown","SupportsLeftRight","SupportsSelect","SupportsHome","SupportsMenu"]},{"ComponentInterface":"INavigation2","SupportStatements":["SupportsSearch"]},{"ComponentInterface":"IMediaTransport","SupportStatements":["SupportsForwardScan","SupportsReverseScan","SupportsBack"]},{"ComponentInterface":"IMediaTransport2","SupportStatements":["SupportsPlayPause"]},{"ComponentInterface":"IKeyPad","SupportStatements":["SupportsAsterisk"]},{"ComponentInterface":"BasicVideoServer3","SupportStatements":["SupportsReplay"]}]},{"Id":"newsy","FriendlyName":"Newsy","Command":"launch/11055","IsBranded":true,"IsSelectable":true,"SupportedFeatureData":[{"ComponentInterface":"INavigation","SupportStatements":["SupportsArrowKeys","SupportsUpDown","SupportsLeftRight","SupportsSelect","SupportsHome","SupportsMenu"]},{"ComponentInterface":"INavigation2","SupportStatements":["SupportsSearch"]},{"ComponentInterface":"IMediaTransport","SupportStatements":["SupportsForwardScan","SupportsReverseScan","SupportsBack"]},{"ComponentInterface":"IMediaTransport2","SupportStatements":["SupportsPlayPause"]},{"ComponentInterface":"IKeyPad","SupportStatements":["SupportsAsterisk"]},{"ComponentInterface":"BasicVideoServer3","SupportStatements":["SupportsReplay"]}]},{"Id":"cartoonnetwork","FriendlyName":"Cartoon Network","Command":"launch/164003","IsBranded":true,"IsSelectable":true,"SupportedFeatureData":[{"ComponentInterface":"INavigation","SupportStatements":["SupportsArrowKeys","SupportsUpDown","SupportsLeftRight","SupportsSelect","SupportsHome","SupportsMenu"]},{"ComponentInterface":"INavigation2","SupportStatements":["SupportsSearch"]},{"ComponentInterface":"IMediaTransport","SupportStatements":["SupportsForwardScan","SupportsReverseScan","SupportsBack"]},{"ComponentInterface":"IMediaTransport2","SupportStatements":["SupportsPlayPause"]},{"ComponentInterface":"IKeyPad","SupportStatements":["SupportsAsterisk"]},{"ComponentInterface":"BasicVideoServer3","SupportStatements":["SupportsReplay"]}]},{"Id":"nbc","FriendlyName":"NBC","Command":"launch/68669","IsBranded":true,"IsSelectable":true,"SupportedFeatureData":[{"ComponentInterface":"INavigation","SupportStatements":["SupportsArrowKeys","SupportsUpDown","SupportsLeftRight","SupportsSelect","SupportsHome","SupportsMenu"]},{"ComponentInterface":"INavigation2","SupportStatements":["SupportsSearch"]},{"ComponentInterface":"IMediaTransport","SupportStatements":["SupportsForwardScan","SupportsReverseScan","SupportsBack"]},{"ComponentInterface":"IMediaTransport2","SupportStatements":["SupportsPlayPause"]},{"ComponentInterface":"IKeyPad","SupportStatements":["SupportsAsterisk"]},{"ComponentInterface":"BasicVideoServer3","SupportStatements":["SupportsReplay"]}]},{"Id":"nbcsports","FriendlyName":"NBC Sports","Command":"launch/53725","IsBranded":true,"IsSelectable":true,"SupportedFeatureData":[{"ComponentInterface":"INavigation","SupportStatements":["SupportsArrowKeys","SupportsUpDown","SupportsLeftRight","SupportsSelect","SupportsHome","SupportsMenu"]},{"ComponentInterface":"INavigation2","SupportStatements":["SupportsSearch"]},{"ComponentInterface":"IMediaTransport","SupportStatements":["SupportsForwardScan","SupportsReverseScan","SupportsBack"]},{"ComponentInterface":"IMediaTransport2","SupportStatements":["SupportsPlayPause"]},{"ComponentInterface":"IKeyPad","SupportStatements":["SupportsAsterisk"]},{"ComponentInterface":"BasicVideoServer3","SupportStatements":["SupportsReplay"]}]},{"Id":"thecw","FriendlyName":"The CW","Command":"launch/111255","IsBranded":true,"IsSelectable":true,"SupportedFeatureData":[{"ComponentInterface":"INavigation","SupportStatements":["SupportsArrowKeys","SupportsUpDown","SupportsLeftRight","SupportsSelect","SupportsHome","SupportsMenu"]},{"ComponentInterface":"INavigation2","SupportStatements":["SupportsSearch"]},{"ComponentInterface":"IMediaTransport","SupportStatements":["SupportsForwardScan","SupportsReverseScan","SupportsBack"]},{"ComponentInterface":"IMediaTransport2","SupportStatements":["SupportsPlayPause"]},{"ComponentInterface":"IKeyPad","SupportStatements":["SupportsAsterisk"]},{"ComponentInterface":"BasicVideoServer3","SupportStatements":["SupportsReplay"]}]},{"Id":"cbsallaccess","FriendlyName":"CBS All Access","Command":"launch/31440","IsBranded":true,"IsSelectable":true,"SupportedFeatureData":[{"ComponentInterface":"INavigation","SupportStatements":["SupportsArrowKeys","SupportsUpDown","SupportsLeftRight","SupportsSelect","SupportsHome","SupportsMenu"]},{"ComponentInterface":"INavigation2","SupportStatements":["SupportsSearch"]},{"ComponentInterface":"IMediaTransport","SupportStatements":["SupportsForwardScan","SupportsReverseScan","SupportsBack"]},{"ComponentInterface":"IMediaTransport2","SupportStatements":["SupportsPlayPause"]},{"ComponentInterface":"IKeyPad","SupportStatements":["SupportsAsterisk"]},{"ComponentInterface":"BasicVideoServer3","SupportStatements":["SupportsReplay"]}]},{"Id":"abcnews","FriendlyName":"ABC News","Command":"launch/54065","IsBranded":true,"IsSelectable":true,"SupportedFeatureData":[{"ComponentInterface":"INavigation","SupportStatements":["SupportsArrowKeys","SupportsUpDown","SupportsLeftRight","SupportsSelect","SupportsHome","SupportsMenu"]},{"ComponentInterface":"INavigation2","SupportStatements":["SupportsSearch"]},{"ComponentInterface":"IMediaTransport","SupportStatements":["SupportsForwardScan","SupportsReverseScan","SupportsBack"]},{"ComponentInterface":"IMediaTransport2","SupportStatements":["SupportsPlayPause"]},{"ComponentInterface":"IKeyPad","SupportStatements":["SupportsAsterisk"]},{"ComponentInterface":"BasicVideoServer3","SupportStatements":["SupportsReplay"]}]},{"Id":"nickjr.","FriendlyName":"Nick Jr.","Command":"launch/66595","IsBranded":true,"IsSelectable":true,"SupportedFeatureData":[{"ComponentInterface":"INavigation","SupportStatements":["SupportsArrowKeys","SupportsUpDown","SupportsLeftRight","SupportsSelect","SupportsHome","SupportsMenu"]},{"ComponentInterface":"INavigation2","SupportStatements":["SupportsSearch"]},{"ComponentInterface":"IMediaTransport","SupportStatements":["SupportsForwardScan","SupportsReverseScan","SupportsBack"]},{"ComponentInterface":"IMediaTransport2","SupportStatements":["SupportsPlayPause"]},{"ComponentInterface":"IKeyPad","SupportStatements":["SupportsAsterisk"]},{"ComponentInterface":"BasicVideoServer3","SupportStatements":["SupportsReplay"]}]},{"Id":"watchfreeflix","FriendlyName":"Watch Free Flix","Command":"launch/38896","IsBranded":true,"IsSelectable":true,"SupportedFeatureData":[{"ComponentInterface":"INavigation","SupportStatements":["SupportsArrowKeys","SupportsUpDown","SupportsLeftRight","SupportsSelect","SupportsHome","SupportsMenu"]},{"ComponentInterface":"INavigation2","SupportStatements":["SupportsSearch"]},{"ComponentInterface":"IMediaTransport","SupportStatements":["SupportsForwardScan","SupportsReverseScan","SupportsBack"]},{"ComponentInterface":"IMediaTransport2","SupportStatements":["SupportsPlayPause"]},{"ComponentInterface":"IKeyPad","SupportStatements":["SupportsAsterisk"]},{"ComponentInterface":"BasicVideoServer3","SupportStatements":["SupportsReplay"]}]},{"Id":"filmrise","FriendlyName":"FilmRise","Command":"launch/45437","IsBranded":true,"IsSelectable":true,"SupportedFeatureData":[{"ComponentInterface":"INavigation","SupportStatements":["SupportsArrowKeys","SupportsUpDown","SupportsLeftRight","SupportsSelect","SupportsHome","SupportsMenu"]},{"ComponentInterface":"INavigation2","SupportStatements":["SupportsSearch"]},{"ComponentInterface":"IMediaTransport","SupportStatements":["SupportsForwardScan","SupportsReverseScan","SupportsBack"]},{"ComponentInterface":"IMediaTransport2","SupportStatements":["SupportsPlayPause"]},{"ComponentInterface":"IKeyPad","SupportStatements":["SupportsAsterisk"]},{"ComponentInterface":"BasicVideoServer3","SupportStatements":["SupportsReplay"]}]},{"Id":"popcornflix","FriendlyName":"popcornflix","Command":"launch/6119","IsBranded":true,"IsSelectable":true,"SupportedFeatureData":[{"ComponentInterface":"INavigation","SupportStatements":["SupportsArrowKeys","SupportsUpDown","SupportsLeftRight","SupportsSelect","SupportsHome","SupportsMenu"]},{"ComponentInterface":"INavigation2","SupportStatements":["SupportsSearch"]},{"ComponentInterface":"IMediaTransport","SupportStatements":["SupportsForwardScan","SupportsReverseScan","SupportsBack"]},{"ComponentInterface":"IMediaTransport2","SupportStatements":["SupportsPlayPause"]},{"ComponentInterface":"IKeyPad","SupportStatements":["SupportsAsterisk"]},{"ComponentInterface":"BasicVideoServer3","SupportStatements":["SupportsReplay"]}]},{"Id":"awesomecartoons","FriendlyName":"Awesome Cartoons","Command":"launch/257411","IsBranded":true,"IsSelectable":true,"SupportedFeatureData":[{"ComponentInterface":"INavigation","SupportStatements":["SupportsArrowKeys","SupportsUpDown","SupportsLeftRight","SupportsSelect","SupportsHome","SupportsMenu"]},{"ComponentInterface":"INavigation2","SupportStatements":["SupportsSearch"]},{"ComponentInterface":"IMediaTransport","SupportStatements":["SupportsForwardScan","SupportsReverseScan","SupportsBack"]},{"ComponentInterface":"IMediaTransport2","SupportStatements":["SupportsPlayPause"]},{"ComponentInterface":"IKeyPad","SupportStatements":["SupportsAsterisk"]},{"ComponentInterface":"BasicVideoServer3","SupportStatements":["SupportsReplay"]}]},{"Id":"fawesometv","FriendlyName":"Fawesome.tv","Command":"launch/48630","IsBranded":true,"IsSelectable":true,"SupportedFeatureData":[{"ComponentInterface":"INavigation","SupportStatements":["SupportsArrowKeys","SupportsUpDown","SupportsLeftRight","SupportsSelect","SupportsHome","SupportsMenu"]},{"ComponentInterface":"INavigation2","SupportStatements":["SupportsSearch"]},{"ComponentInterface":"IMediaTransport","SupportStatements":["SupportsForwardScan","SupportsReverseScan","SupportsBack"]},{"ComponentInterface":"IMediaTransport2","SupportStatements":["SupportsPlayPause"]},{"ComponentInterface":"IKeyPad","SupportStatements":["SupportsAsterisk"]},{"ComponentInterface":"BasicVideoServer3","SupportStatements":["SupportsReplay"]}]},{"Id":"cbsnews","FriendlyName":"CBS News","Command":"launch/27536","IsBranded":true,"IsSelectable":true,"SupportedFeatureData":[{"ComponentInterface":"INavigation","SupportStatements":["SupportsArrowKeys","SupportsUpDown","SupportsLeftRight","SupportsSelect","SupportsHome","SupportsMenu"]},{"ComponentInterface":"INavigation2","SupportStatements":["SupportsSearch"]},{"ComponentInterface":"IMediaTransport","SupportStatements":["SupportsForwardScan","SupportsReverseScan","SupportsBack"]},{"ComponentInterface":"IMediaTransport2","SupportStatements":["SupportsPlayPause"]},{"ComponentInterface":"IKeyPad","SupportStatements":["SupportsAsterisk"]},{"ComponentInterface":"BasicVideoServer3","SupportStatements":["SupportsReplay"]}]},{"Id":"lifetime","FriendlyName":"Lifetime","Command":"launch/35058","IsBranded":true,"IsSelectable":true,"SupportedFeatureData":[{"ComponentInterface":"INavigation","SupportStatements":["SupportsArrowKeys","SupportsUpDown","SupportsLeftRight","SupportsSelect","SupportsHome","SupportsMenu"]},{"ComponentInterface":"INavigation2","SupportStatements":["SupportsSearch"]},{"ComponentInterface":"IMediaTransport","SupportStatements":["SupportsForwardScan","SupportsReverseScan","SupportsBack"]},{"ComponentInterface":"IMediaTransport2","SupportStatements":["SupportsPlayPause"]},{"ComponentInterface":"IKeyPad","SupportStatements":["SupportsAsterisk"]},{"ComponentInterface":"BasicVideoServer3","SupportStatements":["SupportsReplay"]}]},{"Id":"weather4us","FriendlyName":"Weather4us","Command":"launch/8617","IsBranded":true,"IsSelectable":true,"SupportedFeatureData":[{"ComponentInterface":"INavigation","SupportStatements":["SupportsArrowKeys","SupportsUpDown","SupportsLeftRight","SupportsSelect","SupportsHome","SupportsMenu"]},{"ComponentInterface":"INavigation2","SupportStatements":["SupportsSearch"]},{"ComponentInterface":"IMediaTransport","SupportStatements":["SupportsForwardScan","SupportsReverseScan","SupportsBack"]},{"ComponentInterface":"IMediaTransport2","SupportStatements":["SupportsPlayPause"]},{"ComponentInterface":"IKeyPad","SupportStatements":["SupportsAsterisk"]},{"ComponentInterface":"BasicVideoServer3","SupportStatements":["SupportsReplay"]}]},{"Id":"hbogo","FriendlyName":"HBO GO","Command":"launch/8378","IsBranded":true,"IsSelectable":true,"SupportedFeatureData":[{"ComponentInterface":"INavigation","SupportStatements":["SupportsArrowKeys","SupportsUpDown","SupportsLeftRight","SupportsSelect","SupportsHome","SupportsMenu"]},{"ComponentInterface":"INavigation2","SupportStatements":["SupportsSearch"]},{"ComponentInterface":"IMediaTransport","SupportStatements":["SupportsForwardScan","SupportsReverseScan","SupportsBack"]},{"ComponentInterface":"IMediaTransport2","SupportStatements":["SupportsPlayPause"]},{"ComponentInterface":"IKeyPad","SupportStatements":["SupportsAsterisk"]},{"ComponentInterface":"BasicVideoServer3","SupportStatements":["SupportsReplay"]}]},{"Id":"sundancenow","FriendlyName":"Sundance Now","Command":"launch/50118","IsBranded":true,"IsSelectable":true,"SupportedFeatureData":[{"ComponentInterface":"INavigation","SupportStatements":["SupportsArrowKeys","SupportsUpDown","SupportsLeftRight","SupportsSelect","SupportsHome","SupportsMenu"]},{"ComponentInterface":"INavigation2","SupportStatements":["SupportsSearch"]},{"ComponentInterface":"IMediaTransport","SupportStatements":["SupportsForwardScan","SupportsReverseScan","SupportsBack"]},{"ComponentInterface":"IMediaTransport2","SupportStatements":["SupportsPlayPause"]},{"ComponentInterface":"IKeyPad","SupportStatements":["SupportsAsterisk"]},{"ComponentInterface":"BasicVideoServer3","SupportStatements":["SupportsReplay"]}]},{"Id":"unknownMediaService","FriendlyName":"Smart TV","Command":"","IsBranded":false,"IsSelectable":false,"SupportedFeatureData":[{"ComponentInterface":"INavigation","SupportStatements":["SupportsArrowKeys","SupportsUpDown","SupportsLeftRight","SupportsSelect","SupportsHome","SupportsMenu"]},{"ComponentInterface":"INavigation2","SupportStatements":["SupportsSearch"]},{"ComponentInterface":"IMediaTransport","SupportStatements":["SupportsForwardScan","SupportsReverseScan","SupportsBack"]},{"ComponentInterface":"IMediaTransport2","SupportStatements":["SupportsPlayPause"]},{"ComponentInterface":"IKeyPad","SupportStatements":["SupportsAsterisk","SupportsKeypadBackSpace"]},{"ComponentInterface":"BasicVideoServer3","SupportStatements":["SupportsReplay"]}]}],"FeedbackData":{"GroupHeader":"APP:","ActiveServiceFeedbackData":{"GroupHeader":null,"Feedback":{"netflix":"Netflix","amazon":"Prime Video","hulu":"Hulu","slingtv":"Sling TV","showtime":"SHOWTIME","rokuchannel":"The Roku Channel","hbo":"HBO NOW","vudu":"VUDU","pandora":"Pandora","stingrayqello":"Stingray Qello","amazonmusic":"Amazon Music","funimationnow":"FunimationNow","midnightpulp":"Midnight Pulp","youtube":"YouTube","crackle":"Crackle","ted":"TED","pokemontv":"Pok??mon TV","4kspotlight":"4K Spotlight","googleplaymovies\u0026tv":"Google Play Movies \u0026amp; TV","rokumediaplayer":"Roku Media Player","crunchyroll":"Crunchyroll","tubifreemovies\u0026tv":"Tubi - Free Movies \u0026amp; TV","plutotvitsfreetv":"Pluto TV - It\u0026apos;s Free TV","at\u0026ttv":"AT\u0026amp;T TV","fxnow":"FXNOW","espn":"ESPN","nflnetwork":"NFL","nbatv":"NBA","nflsundayticket":"NFL SUNDAY TICKET","foxbusinessnetwork":"Fox Business Network","thewallstreetjournal":"The Wall Street Journal","nbcnews":"NBC News","newsy":"Newsy","cartoonnetwork":"Cartoon Network","nbc":"NBC","nbcsports":"NBC Sports","thecw":"The CW","cbsallaccess":"CBS All Access","abcnews":"ABC News","nickjr.":"Nick Jr.","watchfreeflix":"WatchFreeFlix","filmrise":"FilmRise","popcornflix":"Popcornflix","awesomecartoons":"Awesome Cartoons","fawesometv":"Movies by Fawesome.tv","cbsnews":"CBS News","lifetime":"Lifetime","weather4us":"Weather4us","hbogo":"HBO GO","sundancenow":"Sundance Now","unknownMediaService":"unknownMediaService"}},"PlaybackStateFeedbackData":null},"MediaServicePollCommand":"poll","MediaServicePollingEnabled":true,"MediaServiceSubscriptionStatePollCommand":null,"MediaServiceSubscriptionStatePollingEnabled":false,"MediaServicePlaybackStatePollCommand":null,"MediaServicePlaybackStatePollingEnabled":false},"StandardCommands":{"DownArrow":{"StandardCommand":10000,"Command":"keypress/down","Parameters":[]},"LeftArrow":{"StandardCommand":10200,"Command":"keypress/left","Parameters":[]},"RightArrow":{"StandardCommand":10400,"Command":"keypress/right","Parameters":[]},"UpArrow":{"StandardCommand":10600,"Command":"keypress/up","Parameters":[]},"KeypadBackSpace":{"StandardCommand":18600,"Command":"keypress/backspace","Parameters":[]},"Select":{"StandardCommand":10700,"Command":"keypress/select","Parameters":[]},"Home":{"StandardCommand":11000,"Command":"keypress/home","Parameters":[]},"ForwardScan":{"StandardCommand":12800,"Command":"keypress/fwd","Parameters":[]},"ReverseScan":{"StandardCommand":12801,"Command":"keypress/rev","Parameters":[]},"Back":{"StandardCommand":16400,"Command":"keypress/back","Parameters":[]},"Menu":{"StandardCommand":15200,"Command":"keypress/info","Parameters":[]},"Replay":{"StandardCommand":18000,"Command":"keypress/instantreplay","Parameters":[]},"Asterisk":{"StandardCommand":15200,"Command":"keypress/info","Parameters":[]}},"CustomCommands":[],"ArrowKeys":[0,1,2,3],"PowerWaitPeriod":{"UseLocalWarmupTimer":false,"WarmUpTime":0,"UseLocalCooldownTimer":false,"CoolDownTime":0},"AudioInOut":{"Inputs":[],"Outputs":[{"type":400,"description":"HDMI Output","connector":10,"friendlyName":"HDMI Output"}]},"VideoInOut":{"Inputs":[],"Outputs":[{"type":400,"description":"HDMI Output","connector":20,"friendlyName":"HDMI Output"}]},"Feedback":{"Header":"","CommandAckNak":{"Ack":"HTTP/1.1 200 OK","Nak":"HTTP NAK"},"PowerFeedback":{"Feedback":{"On":"","Off":""},"GroupHeader":""}}},"UserAttributes":[]}}