{"CrestronSerialDeviceApi":{"DeviceSupport":{"SupportsArrowKeys":true,"SupportsBack":true,"SupportsClear":true,"SupportsColorButtons":true,"SupportsCoolDownTime":true,"SupportsDiscretePower":true,"SupportsEnter":true,"SupportsExit":true,"SupportsForwardScan":true,"SupportsForwardSkip":true,"SupportsHome":true,"SupportsKeypadNumber":true,"SupportsPause":true,"SupportsPlay":true,"SupportsPowerFeedback":true,"SupportsRepeat":true,"SupportsReturn":true,"SupportsReverseScan":true,"SupportsReverseSkip":true,"SupportsStop":true,"SupportsTogglePower":true,"SupportsWarmUpTime":true,"SupportsFeedback":true,"SupportsPlayBackStatusFeedback":true,"SupportsTrackFeedback":true,"SupportsChapterFeedback":true,"SupportsTrackElapsedTimeFeedback":true,"SupportsTrackRemainingTimeFeedback":true,"SupportsChapterElapsedTimeFeedback":true,"SupportsChapterRemainingTimeFeedback":true,"SupportsTotalElapsedTimeFeedback":true,"SupportsTotalRemainingTimeFeedback":true,"SupportsAudio":true,"SupportsDisplay":true,"SupportsEject":true,"SupportsOptions":true,"SupportsSubtitle":true,"SupportsPopUpMenu":true,"SupportsTopMenu":true,"SupportsMenu":true,"SupportsSelect":true},"DeviceSupport2":null,"GeneralInformation":{"DeviceType":"Bluray Player","Manufacturer":"Oppo","BaseModel":"UDP-203","VersionDate":"2023-07-06 19:07:33.000","DriverVersion":"20.0000.0023","SdkVersion":"2.00.002","Description":"Oppo UDP 203","Guid":"441197A5-5BA2-41FB-B1DB-4311E1AD7984","DependencyGroup":"","Developer":{"Company":"Crestron","Contact":"Crestron Support","Email":"support@crestron.com","Website":"www.crestron.com","PhoneNumber":"(888) 273-7876"},"SupportedSeries":["UDP"],"SupportedModels":["UDP-203","UDP-205"]},"Api":{"Communication":{"CommunicationType":0,"Protocol":0,"Baud":256,"Parity":0,"HwHandshake":0,"SwHandshake":0,"DataBits":8,"StopBits":1,"Port":0,"EnableAutoPolling":true,"EnableAutoReconnect":true,"TimeBetweenCommands":250,"ResponseTimeout":5000,"WaitForResponse":false,"IpProtocol":0,"IsUserAdjustable":false,"Authentication":{"Type":"None","Required":false},"IsSecure":false,"UserAdjustableProperties":[],"DeviceId":0},"PowerWaitPeriod":{"UseLocalWarmupTimer":true,"WarmUpTime":20,"UseLocalCooldownTimer":true,"CoolDownTime":8},"StandardCommands":{"Power":{"StandardCommand":6600,"Command":"POW","Parameters":[]},"Eject":{"StandardCommand":6000,"Command":"EJT","Parameters":[]},"PowerOn":{"StandardCommand":6602,"Command":"PON","Parameters":[]},"PowerOff":{"StandardCommand":6601,"Command":"POF","Parameters":[]},"_0":{"StandardCommand":7400,"Command":"NU0","Parameters":[]},"_1":{"StandardCommand":7401,"Command":"NU1","Parameters":[]},"_2":{"StandardCommand":7402,"Command":"NU2","Parameters":[]},"_3":{"StandardCommand":7403,"Command":"NU3","Parameters":[]},"_4":{"StandardCommand":7404,"Command":"NU4","Parameters":[]},"_5":{"StandardCommand":7405,"Command":"NU5","Parameters":[]},"_6":{"StandardCommand":7406,"Command":"NU6","Parameters":[]},"_7":{"StandardCommand":7407,"Command":"NU7","Parameters":[]},"_8":{"StandardCommand":7408,"Command":"NU8","Parameters":[]},"_9":{"StandardCommand":7409,"Command":"NU9","Parameters":[]},"Red":{"StandardCommand":11802,"Command":"RED","Parameters":[]},"Green":{"StandardCommand":11801,"Command":"GRN","Parameters":[]},"Blue":{"StandardCommand":11800,"Command":"BLU","Parameters":[]},"Yellow":{"StandardCommand":11803,"Command":"YLW","Parameters":[]},"UpArrow":{"StandardCommand":10600,"Command":"NUP","Parameters":[]},"LeftArrow":{"StandardCommand":10200,"Command":"NLT","Parameters":[]},"RightArrow":{"StandardCommand":10400,"Command":"NRT","Parameters":[]},"DownArrow":{"StandardCommand":10000,"Command":"NDN","Parameters":[]},"Audio":{"StandardCommand":9800,"Command":"AUD","Parameters":[]},"Clear":{"StandardCommand":11200,"Command":"CLR","Parameters":[]},"Select":{"StandardCommand":10700,"Command":"SEL","Parameters":[]},"ForwardScan":{"StandardCommand":12800,"Command":"FWD","Parameters":[]},"ReverseScan":{"StandardCommand":12801,"Command":"REV","Parameters":[]},"Play":{"StandardCommand":12901,"Command":"PLA","Parameters":[]},"Pause":{"StandardCommand":12900,"Command":"PAU","Parameters":[]},"Stop":{"StandardCommand":14000,"Command":"STP","Parameters":[]},"Home":{"StandardCommand":11000,"Command":"HOM","Parameters":[]},"PopUpMenu":{"StandardCommand":15000,"Command":"MNU","Parameters":[]},"TopMenu":{"StandardCommand":14400,"Command":"TTL","Parameters":[]},"Menu":{"StandardCommand":15200,"Command":"SET","Parameters":[]},"Options":{"StandardCommand":12600,"Command":"OPT","Parameters":[]},"Repeat":{"StandardCommand":13600,"Command":"RPT","Parameters":[]},"Return":{"StandardCommand":13800,"Command":"RET","Parameters":[]},"Subtitle":{"StandardCommand":14200,"Command":"SUB","Parameters":[]},"ForwardSkip":{"StandardCommand":14600,"Command":"NXT","Parameters":[]},"ReverseSkip":{"StandardCommand":14800,"Command":"PRE","Parameters":[]},"ChapterElapsedTimePoll":{"StandardCommand":19600,"Command":"QCE","Parameters":[]},"ChapterPoll":{"StandardCommand":19200,"Command":"QCH","Parameters":[]},"ChapterRemainingTimePoll":{"StandardCommand":20200,"Command":"QCR","Parameters":[]},"PlayBackStatusPoll":{"StandardCommand":18800,"Command":"QPL","Parameters":[]},"PowerPoll":{"StandardCommand":6603,"Command":"QPW","Parameters":[]},"TotalElapsedTimePoll":{"StandardCommand":19800,"Command":"QEL","Parameters":[]},"TotalRemainingTimePoll":{"StandardCommand":20400,"Command":"QRE","Parameters":[]},"TrackElapsedTimePoll":{"StandardCommand":19400,"Command":"QTE","Parameters":[]},"TrackPoll":{"StandardCommand":19000,"Command":"QTK","Parameters":[]},"TrackRemainingTimePoll":{"StandardCommand":20000,"Command":"QTR","Parameters":[]},"Back":{"StandardCommand":16400,"Command":"RET","Parameters":[]},"Display":{"StandardCommand":11400,"Command":"OSD","Parameters":[]},"Enter":{"StandardCommand":10800,"Command":"SEL","Parameters":[]},"Exit":{"StandardCommand":11600,"Command":"RET","Parameters":[]}},"CustomCommands":[],"ArrowKeys":[0,1,2,3],"ColorButtons":[0,1,2,3],"Feedback":{"CommandAckNak":{"Ack":"","Nak":"ER INVALID"},"Header":"@","PowerFeedback":{"Feedback":{"On":"ON","Off":"OFF"},"GroupHeader":"QPW"},"PlayBackStatusFeedback":{"GroupHeader":"QPL"},"TrackFeedback":{"GroupHeader":"QTK"},"ChapterFeedback":{"GroupHeader":"QCH"},"TrackElapsedTimeFeedback":{"GroupHeader":"QTE"},"TrackRemainingTimeFeedback":{"GroupHeader":"QTR"},"ChapterElapsedTimeFeedback":{"GroupHeader":"QCE"},"ChapterRemainingTimeFeedback":{"GroupHeader":"QCR"},"TotalElapsedTimeFeedback":{"GroupHeader":"QEL"},"TotalRemainingTimeFeedback":{"GroupHeader":"QRE"},"EnergyStarFeedback":{"Feedback":{},"GroupHeader":""}},"AudioInOut":{"Inputs":[{"type":400,"description":"HDMI","connector":10,"friendlyName":"HDMI"}],"Outputs":[{"type":29801,"description":"Coaxial Digital Audio","connector":30,"friendlyName":"Coaxial Digital Audio"},{"type":29701,"description":"Optical","connector":20,"friendlyName":"Optical"},{"type":400,"description":"HDMI1 Out","connector":10,"friendlyName":"HDMI1 Out"},{"type":401,"description":"HDMI2 Out Audio Only","connector":10,"friendlyName":"HDMI2 Out Audio Only"},{"type":29901,"description":"7.1CH / 5.1CH / Stereo Analog Audio","connector":40,"friendlyName":"7.1CH / 5.1CH / Stereo Analog Audio"}]},"VideoInOut":{"Inputs":[{"type":400,"description":"HDMI","connector":20,"friendlyName":"HDMI"}],"Outputs":[{"type":400,"description":"HDMI1","connector":20,"friendlyName":"HDMI1"}]}},"UserAttributes":[]}}