{"CrestronSerialDeviceApi":{"DeviceSupport":{"SupportsArrowKeys":true,"SupportsBack":true,"SupportsChangeChannel":true,"SupportsChannelFeedback":true,"SupportsClear":true,"SupportsColorButtons":true,"SupportsDisconnect":true,"SupportsDvrCommand":true,"SupportsEnter":true,"SupportsExit":true,"SupportsForwardScan":true,"SupportsForwardSkip":true,"SupportsGuide":true,"SupportsInfo":true,"SupportsKeypadNumber":true,"SupportsLast":true,"SupportsLetterKeys":true,"SupportsLive":true,"SupportsPause":true,"SupportsPlay":true,"SupportsReconnect":true,"SupportsRecord":true,"SupportsReplay":true,"SupportsReverseScan":true,"SupportsSetChannel":true,"SupportsSpeedSlow":true,"SupportsThumbsDown":true,"SupportsThumbsUp":true,"SupportsFeedback":true,"SupportsSelect":true,"SupportsDiscretePower":true},"DeviceSupport2":["SupportsDash","SupportsMenu","SupportsOptions"],"GeneralInformation":{"DeviceType":"Cable Box","Manufacturer":"TiVo","BaseModel":"TCD 849500","VersionDate":"2023-07-06 19:07:33.000","DriverVersion":"20.0000.0023","SdkVersion":"2.00.004","Description":"Tivo DVR","Guid":"3F32DC3F-2132-4985-B1A6-005E82E58309","DependencyGroup":"","Developer":{"Company":"Crestron","Contact":"Crestron Support","Email":"support@crestron.com","Website":"www.crestron.com","PhoneNumber":"(888) 273-7876"},"SupportedSeries":["Tivo Bolt"],"SupportedModels":["TCD 849500","TCD 849000"]},"Api":{"Communication":{"CommunicationType":1,"Protocol":-1,"Baud":-1,"Parity":-1,"HwHandshake":-1,"SwHandshake":-1,"DataBits":0,"StopBits":-1,"Port":31339,"EnableAutoPolling":false,"EnableAutoReconnect":true,"TimeBetweenCommands":0,"TimeBetweenCommandsOverride":0,"ResponseTimeout":5000,"WaitForResponse":false,"IpProtocol":0,"IsUserAdjustable":false,"Authentication":{"Type":"None","Required":false},"IsSecure":false,"UserAdjustableProperties":[],"DeviceId":0},"PowerWaitPeriod":{"UseLocalWarmupTimer":false,"WarmUpTime":0,"UseLocalCooldownTimer":false,"CoolDownTime":0},"StandardCommands":{"PowerOn":{"StandardCommand":6602,"Command":"IRCODE LIVETV\\u000D","Parameters":[]},"PowerOff":{"StandardCommand":6601,"Command":"IRCODE STANDBY\\u000D","Parameters":[]},"UpArrow":{"StandardCommand":10600,"Command":"IRCODE UP\\u000D","Parameters":[]},"DownArrow":{"StandardCommand":10000,"Command":"IRCODE DOWN\\u000D","Parameters":[]},"LeftArrow":{"StandardCommand":10200,"Command":"IRCODE LEFT\\u000D","Parameters":[]},"RightArrow":{"StandardCommand":10400,"Command":"IRCODE RIGHT\\u000D","Parameters":[]},"Select":{"StandardCommand":10700,"Command":"IRCODE SELECT\\u000D","Parameters":[]},"Dash":{"StandardCommand":20800,"Command":"IRCODE ADVANCE\\u000D","Parameters":[]},"Guide":{"StandardCommand":17000,"Command":"IRCODE GUIDE\\u000D","Parameters":[]},"Info":{"StandardCommand":15400,"Command":"IRCODE INFO\\u000D","Parameters":[]},"Back":{"StandardCommand":16400,"Command":"IRCODE BACK\\u000D","Parameters":[]},"Exit":{"StandardCommand":11600,"Command":"IRCODE EXIT\\u000D","Parameters":[]},"Last":{"StandardCommand":17200,"Command":"IRCODE ENTER\\u000D","Parameters":[]},"ChannelUp":{"StandardCommand":5601,"Command":"IRCODE CHANNELUP\\u000D","Parameters":[]},"ChannelDown":{"StandardCommand":5602,"Command":"IRCODE CHANNELDOWN\\u000D","Parameters":[]},"Mute":{"StandardCommand":4600,"Command":"IRCODE MUTE\\u000D","Parameters":[]},"VolMinus":{"StandardCommand":7001,"Command":"IRCODE VOLDOWN\\u000D","Parameters":[]},"VolPlus":{"StandardCommand":7002,"Command":"IRCODE VOLUMEUP\\u000D","Parameters":[]},"Play":{"StandardCommand":12901,"Command":"IRCODE PLAY\\u000D","Parameters":[]},"ForwardScan":{"StandardCommand":12800,"Command":"IRCODE FORWARD\\u000D","Parameters":[]},"ReverseScan":{"StandardCommand":12801,"Command":"IRCODE REVERSE\\u000D","Parameters":[]},"ForwardSkip":{"StandardCommand":14600,"Command":"IRCODE ADVANCE\\u000D","Parameters":[]},"Pause":{"StandardCommand":12900,"Command":"IRCODE PAUSE\\u000D","Parameters":[]},"SpeedSlow":{"StandardCommand":18200,"Command":"IRCODE SLOW\\u000D","Parameters":[]},"Replay":{"StandardCommand":18000,"Command":"IRCODE REPLAY\\u000D","Parameters":[]},"Record":{"StandardCommand":17800,"Command":"IRCODE RECORD\\u000D","Parameters":[]},"_0":{"StandardCommand":7400,"Command":"IRCODE NUM0\\u000D","Parameters":[]},"_1":{"StandardCommand":7401,"Command":"IRCODE NUM1\\u000D","Parameters":[]},"_2":{"StandardCommand":7402,"Command":"IRCODE NUM2\\u000D","Parameters":[]},"_3":{"StandardCommand":7403,"Command":"IRCODE NUM3\\u000D","Parameters":[]},"_4":{"StandardCommand":7404,"Command":"IRCODE NUM4\\u000D","Parameters":[]},"_5":{"StandardCommand":7405,"Command":"IRCODE NUM5\\u000D","Parameters":[]},"_6":{"StandardCommand":7406,"Command":"IRCODE NUM6\\u000D","Parameters":[]},"_7":{"StandardCommand":7407,"Command":"IRCODE NUM7\\u000D","Parameters":[]},"_8":{"StandardCommand":7408,"Command":"IRCODE NUM8\\u000D","Parameters":[]},"_9":{"StandardCommand":7409,"Command":"IRCODE NUM9\\u000D","Parameters":[]},"Yellow":{"StandardCommand":11803,"Command":"IRCODE ACTION_A\\u000D","Parameters":[]},"Blue":{"StandardCommand":11800,"Command":"IRCODE ACTION_B\\u000D","Parameters":[]},"Red":{"StandardCommand":11802,"Command":"IRCODE ACTION_C\\u000D","Parameters":[]},"Green":{"StandardCommand":11801,"Command":"IRCODE ACTION_D\\u000D","Parameters":[]},"A":{"StandardCommand":15600,"Command":"IRCODE ACTION_A\\u000D","Parameters":[]},"B":{"StandardCommand":15601,"Command":"IRCODE ACTION_B\\u000D","Parameters":[]},"C":{"StandardCommand":15602,"Command":"IRCODE ACTION_C\\u000D","Parameters":[]},"D":{"StandardCommand":15603,"Command":"IRCODE ACTION_D\\u000D","Parameters":[]},"PageUp":{"StandardCommand":17601,"Command":"KEYBOARD PAGEUP\\u000D","Parameters":[]},"PageDown":{"StandardCommand":17600,"Command":"KEYBOARD PAGEDOWN\\u000D","Parameters":[]},"Stop":{"StandardCommand":14000,"Command":"IRCODE STOP\\u000D","Parameters":[]},"Live":{"StandardCommand":17400,"Command":"IRCODE LIVETV\\u000D","Parameters":[]},"Channel":{"StandardCommand":5600,"Command":"SETCH !$[01]\\u000D","Parameters":[{"Type":0,"PadCharacter":null,"PadDirection":0,"Id":"01","Max":0,"Min":0,"StaticDataWidth":0}]},"ThumbsUp":{"StandardCommand":20600,"Command":"IRCODE THUMBSUP\\u000D","Parameters":[]},"ThumbsDown":{"StandardCommand":20601,"Command":"IRCODE THUMBSDOWN\\u000D","Parameters":[]},"Clear":{"StandardCommand":11200,"Command":"IRCODE CLEAR\\u000D","Parameters":[]},"Dvr":{"StandardCommand":16600,"Command":"IRCODE TIVO\\u000D","Parameters":[]},"Enter":{"StandardCommand":10800,"Command":"IRCODE ENTER\\u000D","Parameters":[]},"Menu":{"StandardCommand":15200,"Command":"IRCODE TIVO\\u000D","Parameters":[]}},"CustomCommands":[],"ArrowKeys":[0,1,2,3],"ColorButtons":[0,1,2,3],"LetterButtons":[0,1,2,3],"Feedback":{"Header":"","PowerFeedback":{"Feedback":{},"GroupHeader":""},"MuteFeedback":{"Feedback":{},"GroupHeader":""},"VolumeFeedback":{"GroupHeader":""},"ChannelFeedback":{"GroupHeader":"CH_STATUS"},"CommandAckNak":{"Ack":"","Nak":""},"EnergyStarFeedback":{"Feedback":{},"GroupHeader":""}},"AudioInOut":{"Inputs":[],"Outputs":[{"type":400,"description":"HDMI","connector":10,"friendlyName":"HDMI"},{"type":29701,"description":"Digital Audio (Optical)","connector":20,"friendlyName":"Digital Audio (Optical)"},{"type":29901,"description":"Stereo Analog Audio","connector":40,"friendlyName":"Audio L/R"}]},"VideoInOut":{"Inputs":[],"Outputs":[{"type":400,"description":"HDMI","connector":20,"friendlyName":"HDMI"}]}},"UserAttributes":[{"TypeName":"MessageBox","ParameterId":"TiVo","Label":"TiVo1","Description":"You must enable the Network Remote Control within the Tivo menu system to allow the driver to connect. With remote, TiVo Central \u003e Settings \u0026 Messages \u003e Remote, CableCARD \u0026 Devices \u003e Network Remote Control \u003e Allow Network-based remote controls","Persistent":false,"RequiredForConnection":"Before","Data":{"DataType":"","Mask":"","DefaultValue":""}},{"TypeName":"MessageBox","ParameterId":"TiVo","Label":"TiVo2","Description":"It is strongly recommended for this driver that the TiVo be set to never Power Off.","Persistent":false,"RequiredForConnection":"Before","Data":{"DataType":"","Mask":"","DefaultValue":""}},{"TypeName":"MessageBox","ParameterId":"TiVo","Label":"TiVo3","Description":"To set the TiVo to never Power Off, with remote, TiVo Central \u003e Settings \u0026 Messages \u003e Remote, CableCARD \u0026 Devices \u003e Power Saving Settings and select the Manual setting.","Persistent":false,"RequiredForConnection":"Before","Data":{"DataType":"","Mask":"","DefaultValue":""}},{"TypeName":"Custom","ParameterId":"customPowerOnCommand","Label":"TiVo PowerOn Command","Description":"Supported values: 0 = do not send PowerOn command, 1 = Send \u0027LIVETV\u0027 as PowerOn command","Persistent":false,"RequiredForConnection":"Before","Data":{"DataType":"Number","Mask":"","DefaultValue":"1"}},{"TypeName":"MessageBox","ParameterId":"TiVoPowerOnOffCommands","Label":"TiVo PowerOnOff Commands","Description":"If the default setting for PowerOff is used then the default setting for PowerOn should also be used to be able to Power On the Tivo","Persistent":false,"RequiredForConnection":"Before","Data":{"DataType":"","Mask":"","DefaultValue":""}},{"TypeName":"Custom","ParameterId":"customPowerOffCommand","Label":"TiVo PowerOff Command","Description":"Supported values: 0 = do not send PowerOff command, 1 =Send \u0027STANDBY\u0027 as PowerOff command","Persistent":false,"RequiredForConnection":"Before","Data":{"DataType":"Number","Mask":"","DefaultValue":"1"}}]}}