{"CrestronSerialDeviceApi":{"DeviceSupport":{"SupportsCoolDownTime":true,"SupportsWarmUpTime":true,"SupportsArrowKeys":true,"SupportsKeypadNumber":true,"SupportsColorButtons":false,"SupportsDisconnect":true,"SupportsDiscretePower":true,"SupportsForwardScan":true,"SupportsForwardSkip":true,"SupportsHome":false,"SupportsPause":true,"SupportsPlay":true,"SupportsPowerFeedback":true,"SupportsReconnect":true,"SupportsReturn":false,"SupportsBack":false,"SupportsTopMenu":false,"SupportsPopUpMenu":false,"SupportsReverseScan":true,"SupportsReverseSkip":true,"SupportsStop":true,"SupportsTogglePower":true,"SupportsFeedback":true,"SupportsChapterFeedback":true,"SupportsTrackElapsedTimeFeedback":true,"SupportsPlayBackStatusFeedback":true,"SupportsAudio":false,"SupportsDisplay":true,"SupportsEject":true,"SupportsOptions":false,"SupportsSubtitle":false,"SupportsSelect":true},"DeviceSupport2":null,"GeneralInformation":{"DeviceType":"Bluray Player","Manufacturer":"Arcam","BaseModel":"CDS50","VersionDate":"2023-07-06 19:07:33.000","DriverVersion":"20.0000.0023","SdkVersion":"2.00.002","Description":"Arcam CDS50 CD Player","Guid":"f1051473-f5f7-41ed-8784-a6289dc9064f","DependencyGroup":"","Developer":{"Company":"Crestron","Contact":"Crestron Support","Email":"support@crestron.com","Website":"www.crestron.com","PhoneNumber":"(888) 273-7876"},"SupportedSeries":["CDS"],"SupportedModels":["CDS50"]},"Api":{"Communication":{"CommunicationType":1,"Protocol":-1,"Baud":-1,"Parity":-1,"HwHandshake":-1,"SwHandshake":-1,"DataBits":0,"StopBits":-1,"Port":50000,"EnableAutoPolling":true,"EnableAutoReconnect":true,"TimeBetweenCommands":250,"ResponseTimeout":4000,"WaitForResponse":false,"IpProtocol":0,"IsUserAdjustable":false,"Authentication":{"Type":"None","Required":false},"IsSecure":false,"UserAdjustableProperties":[],"DeviceId":0},"PowerWaitPeriod":{"UseLocalWarmupTimer":true,"WarmUpTime":5,"UseLocalCooldownTimer":true,"CoolDownTime":5},"StandardCommands":{"PowerPoll":{"StandardCommand":6603,"Command":"\\u0021\\u0001\\u0000\\u0001\\u00F0\\u000D","Parameters":[]},"Power":{"StandardCommand":6600,"Command":"\\u0021\\u0001\\u0008\\u0002\\u0014\\u007B\\u000D","Parameters":[]},"PowerOn":{"StandardCommand":6602,"Command":"\\u0021\\u0001\\u0008\\u0002\\u0014\\u007B\\u000D","Parameters":[]},"PowerOff":{"StandardCommand":6601,"Command":"\\u0021\\u0001\\u0008\\u0002\\u0014\\u000C\\u000D","Parameters":[]},"UpArrow":{"StandardCommand":10600,"Command":"\\u0021\\u0001\\u0008\\u0002\\u0014\\u0056\\u000D","Parameters":[]},"DownArrow":{"StandardCommand":10000,"Command":"\\u0021\\u0001\\u0008\\u0002\\u0014\\u0055\\u000D","Parameters":[]},"LeftArrow":{"StandardCommand":10200,"Command":"\\u0021\\u0001\\u0008\\u0002\\u0014\\u0051\\u000D","Parameters":[]},"RightArrow":{"StandardCommand":10400,"Command":"\\u0021\\u0001\\u0008\\u0002\\u0014\\u0050\\u000D","Parameters":[]},"Select":{"StandardCommand":10700,"Command":"\\u0021\\u0001\\u0008\\u0002\\u0014\\u0057\\u000D","Parameters":[]},"Eject":{"StandardCommand":6000,"Command":"\\u0021\\u0001\\u0008\\u0002\\u0014\\u002D\\u000D","Parameters":[]},"Home":{"StandardCommand":11000,"Command":"\\u000D","Parameters":[]},"Audio":{"StandardCommand":9800,"Command":"\\u000D","Parameters":[]},"Blue":{"StandardCommand":11800,"Command":"\\u000D","Parameters":[]},"Red":{"StandardCommand":11802,"Command":"\\u000D","Parameters":[]},"Green":{"StandardCommand":11801,"Command":"\\u000D","Parameters":[]},"Yellow":{"StandardCommand":11803,"Command":"\\u000D","Parameters":[]},"Display":{"StandardCommand":11400,"Command":"\\u0021\\u0001\\u0008\\u0002\\u0014\\u0012\\u000D","Parameters":[]},"ForwardScan":{"StandardCommand":12800,"Command":"\\u0021\\u0001\\u0008\\u0002\\u0014\\u0034\\u000D","Parameters":[]},"ReverseScan":{"StandardCommand":12801,"Command":"\\u0021\\u0001\\u0008\\u0002\\u0014\\u0032\\u000D","Parameters":[]},"Options":{"StandardCommand":12600,"Command":"\\u000D","Parameters":[]},"Pause":{"StandardCommand":12900,"Command":"\\u0021\\u0001\\u0008\\u0002\\u0014\\u0030\\u000D","Parameters":[]},"Play":{"StandardCommand":12901,"Command":"\\u0021\\u0001\\u0008\\u0002\\u0014\\u0035\\u000D","Parameters":[]},"Return":{"StandardCommand":13800,"Command":"\\u000D000","Parameters":[]},"Back":{"StandardCommand":13800,"Command":"\\u000D","Parameters":[]},"Stop":{"StandardCommand":14000,"Command":"\\u0021\\u0001\\u0008\\u0002\\u0014\\u0036\\u000D","Parameters":[]},"Subtitle":{"StandardCommand":14200,"Command":"\\u000D","Parameters":[]},"TopMenu":{"StandardCommand":14400,"Command":"\\u000D","Parameters":[]},"ForwardSkip":{"StandardCommand":14600,"Command":"\\u0021\\u0001\\u0008\\u0002\\u0014\\u0020\\u000D","Parameters":[]},"ReverseSkip":{"StandardCommand":14800,"Command":"\\u0021\\u0001\\u0008\\u0002\\u0014\\u0021\\u000D","Parameters":[]},"PopUpMenu":{"StandardCommand":15000,"Command":"\\u000D","Parameters":[]},"_0":{"StandardCommand":7400,"Command":"\\u0021\\u0001\\u0008\\u0002\\u0014\\u0000\\u000D","Parameters":[]},"_1":{"StandardCommand":7401,"Command":"\\u0021\\u0001\\u0008\\u0002\\u0014\\u0001\\u000D","Parameters":[]},"_2":{"StandardCommand":7402,"Command":"\\u0021\\u0001\\u0008\\u0002\\u0014\\u0002\\u000D","Parameters":[]},"_3":{"StandardCommand":7403,"Command":"\\u0021\\u0001\\u0008\\u0002\\u0014\\u0003\\u000D","Parameters":[]},"_4":{"StandardCommand":7404,"Command":"\\u0021\\u0001\\u0008\\u0002\\u0014\\u0004\\u000D","Parameters":[]},"_5":{"StandardCommand":7405,"Command":"\\u0021\\u0001\\u0008\\u0002\\u0014\\u0005\\u000D","Parameters":[]},"_6":{"StandardCommand":7406,"Command":"\\u0021\\u0001\\u0008\\u0002\\u0014\\u0006\\u000D","Parameters":[]},"_7":{"StandardCommand":7407,"Command":"\\u0021\\u0001\\u0008\\u0002\\u0014\\u0007\\u000D","Parameters":[]},"_8":{"StandardCommand":7408,"Command":"\\u0021\\u0001\\u0008\\u0002\\u0014\\u0008\\u000D","Parameters":[]},"_9":{"StandardCommand":7409,"Command":"\\u0021\\u0001\\u0008\\u0002\\u0014\\u0009\\u000D","Parameters":[]},"ChapterPoll":{"StandardCommand":19200,"Command":"\\u0021\\u0001\\u002D\\u0001\\u00F0\\u000D","Parameters":[]},"PlayBackStatusPoll":{"StandardCommand":18800,"Command":"\\u0021\\u0001\\u0029\\u0001\\u00F0\\u000D","Parameters":[]}},"CustomCommands":[],"ArrowKeys":[0,1,2,3],"ColorButtons":[],"Feedback":{"CommandAckNak":{"Ack":"ACK","Nak":"NAK"},"Header":"\\u0021\\u0001","PowerFeedback":{"Feedback":{"On":"on","Off":"standby"},"GroupHeader":"0"},"PlayBackStatusFeedback":{"GroupHeader":"41"},"TrackFeedback":{"GroupHeader":""},"ChapterFeedback":{"GroupHeader":"45"},"TrackElapsedTimeFeedback":{"GroupHeader":"40"},"TrackRemainingTimeFeedback":{"GroupHeader":""},"ChapterElapsedTimeFeedback":{"GroupHeader":""},"ChapterRemainingTimeFeedback":{"GroupHeader":""},"TotalElapsedTimeFeedback":{"GroupHeader":""},"TotalRemainingTimeFeedback":{"GroupHeader":""},"EnergyStarFeedback":{"Feedback":{},"GroupHeader":""}},"AudioInOut":{"Inputs":[],"Outputs":[{"type":29801,"description":"Coaxial Digital Audio","connector":30,"friendlyName":"Coaxial Digital Audio"},{"type":29701,"description":"Optical Digital Audio","connector":20,"friendlyName":"Optical Digital Audio"},{"type":29901,"description":"RCA Analog Audio","connector":40,"friendlyName":"RCA Analog Audio"}]},"VideoInOut":{"Inputs":[],"Outputs":[]}},"UserAttributes":[{"TypeName":"MessageBox","ParameterId":"Known Issue","Label":"Known Issue","Description":"The power button on the front of the device cuts all power and will kill the IP connection. If it is depressed control will be lost until the physical power button is pressed again.","Persistent":false,"RequiredForConnection":"None","Data":{"DataType":"","Mask":"","DefaultValue":""}}]}}