{"CrestronSerialDeviceApi":{"DeviceSupport":{"SupportsFeedback":true,"SupportsDiscretePower":false,"SupportsTogglePower":false,"SupportsPowerFeedback":false,"SupportsTemperatureFeedback":false,"SupportsWarmUpTime":false,"SupportsCoolDownTime":false,"SupportsDisconnect":true,"SupportsReconnect":true},"GeneralInformation":{"DeviceType":"AV Switcher","Manufacturer":"Crestron","BaseModel":"SampleDriver","VersionDate":"2023-07-06 19:07:33.000","DriverVersion":"20.0000.0023","SdkVersion":"5.0.0","Description":"SampleDriver Description","Guid":"0354514c-000d-4acc-b25e-8fc27454676e","DependencyGroup":"","Developer":{"Company":"Example Company","Contact":"John Doe","Email":"you@YOUR COMPANY NAME HERE.com","Website":"www.YOUR COMPANY WEBSITE HERE.com","PhoneNumber":"(555) 555-5555"},"SupportedSeries":[],"SupportedModels":["SampleDriver"]},"Api":{"Communication":{"CommunicationType":1,"Protocol":-1,"Baud":-1,"Parity":-1,"HwHandshake":-1,"SwHandshake":-1,"DataBits":0,"StopBits":-1,"Port":55,"EnableAutoPolling":true,"EnableAutoReconnect":true,"TimeBetweenCommands":250,"TimeBetweenCommandsOverride":0,"ResponseTimeout":3000,"WaitForResponse":true,"IpProtocol":0,"IsUserAdjustable":false,"Authentication":{"Type":"None","Required":false},"IsSecure":false,"UserAdjustableProperties":[],"DeviceId":0},"StandardCommands":{"PowerOn":{"Command":"POWER_ON"},"PowerOff":{"Command":"POWER_OFF"},"Power":{"Command":"POWER_TOG"},"AudioVideoSwitcherRoute":{"Command":"ROUTE_{input}_TO_{output}"}},"CustomCommands":[],"PowerWaitPeriod":{"UseLocalWarmupTimer":false,"WarmUpTime":10,"UseLocalCooldownTimer":false,"CoolDownTime":5},"Feedback":{"Header":"-\u003e","ApiDelimiter":"\r","CommandAckNak":{"Ack":"OK","Nak":"NOPE"},"PowerFeedback":{"Feedback":{"On":"ON","Off":"OFF"},"GroupHeader":"POW="},"TemperatureFeedback":{"ValueGroupHeader":"TEMP=","UnitGroupHeader":"UNITS=","MetricIdentifer":"METRIC","StandardIdentifier":"STANDARD"},"RoutedExtenderFeedback":{"GroupHeader":"ROUTED="}},"AudioVideoSwitcher":{"AutoDetectConfiguration":false,"SupportsAudioBreakaway":false,"NullInputIdentifier":"NONE","VolumeScalingInfo":{"MaximumDeviceLevel":100,"MinimumDeviceLevel":-700,"DeviceStepSize":10},"BassScalingInfo":{"MaximumDeviceLevel":10,"MinimumDeviceLevel":-10,"DeviceStepSize":1},"TrebleScalingInfo":{"MaximumDeviceLevel":10,"MinimumDeviceLevel":-10,"DeviceStepSize":1},"RoutableOutputs":[{"ApiIdentifier":"OUTPUT#1","Id":"output1","Name":"Output 1","Manufacturer":"Crestron","Model":"FakeDriver_FullReceiver","Type":"IndirectOutput","WarmUpTime":5,"CoolDownTime":1,"VolumeRampingRate":250,"BassRampingRate":250,"TrebleRampingRate":250,"AudioOutputDetails":[{"type":"Input1","description":"Output 1 HDBaseT Audio Output","connector":"GenericAudio","friendlyName":"Output 1"}],"VideoOutputDetails":[{"type":"Input1","description":"Output 1 HDBaseT Video Output","connector":"GenericVideo","friendlyName":"Output 1"}],"Ports":[{"Type":"IR","Direction":"Input","Name":"IR Output 1","Id":"output1_IrPort1","PassThruOnly":true},{"Type":"COM","Direction":"All","Name":"COM PORT 1","Id":"output1_ComPort1","PassThruOnly":false,"IncomingDataFeedbackHeader":"OUTPUT1:COM1_RX=","StandardCommands":{"SendComData":{"Command":"OUTPUT1_COM1_TX={value}"}}},{"Type":"COM","Direction":"All","Name":"COM PORT 2","Id":"output1_ComPort2","PassThruOnly":false,"IncomingDataFeedbackHeader":"OUTPUT1:COM2_RX=","StandardCommands":{"SendComData":{"Command":"OUTPUT1_COM2_TX={value}"}}},{"Type":"CEC","Direction":"All","Name":"CEC 1","Id":"output1_CecPort1","PassThruOnly":false,"IncomingDataFeedbackHeader":"OUTPUT1:CEC1_RX=","ErrorFeedbackHeader":"OUTPUT1:CEC1_ERROR=","StandardCommands":{"SendCecData":{"Command":"OUTPUT1_CEC1_TX={value}"}}},{"Type":"CEC","Direction":"All","Name":"CEC 2","Id":"output1_CecPort2","PassThruOnly":false,"IncomingDataFeedbackHeader":"OUTPUT1:CEC2_RX=","StandardCommands":{"SendCecData":{"Command":"OUTPUT1_CEC2_TX={value}"}}},{"Type":"Relay","Direction":"All","Name":"Relay 1","Id":"output1_RelayPort1","PassThruOnly":false,"CurrentStateFeedbackHeader":"OUTPUT1:RELAY1_STATE=","OnStateFeedback":"ON","OffStateFeedback":"OFF","StandardCommands":{"SetRelayStateOn":{"Command":"OUTPUT1_RELAY1_ON"},"SetRelayStateOff":{"Command":"OUTPUT1_RELAY1_OFF"}}},{"Type":"GenericIo","Direction":"All","Name":"Generic IO 1","Id":"output1_GenericIoPort1","PassThruOnly":false,"DigitalInputStateFeedbackHeader":"OUTPUT1:IO1_STATE=","OnStateFeedback":"ON","OffStateFeedback":"OFF","AnalogInputValueStateFeedbackHeader":"OUTPUT1:IO1_VAL=","StandardCommands":{"SetGenerIoDigitalOutputOn":{"Command":"OUTPUT1_IO1_ON"},"SetGenerIoDigitalOutputOff":{"Command":"OUTPUT1_IO1_OFF"}}}],"DeviceSupport":{"SupportsAudioIsClippingFeedback":true,"SupportsDcFaultStateFeedback":true,"SupportsToneControlFeedback":true,"SupportsDiscreteToneControl":true,"SupportsToggleToneControl":true,"SupportsBassFeedback":true,"SupportsTrebleFeedback":true,"SupportsChangeBass":true,"SupportsSetTreble":true,"SupportsChangeTreble":true,"SupportsLoudnessFeedback":true,"SupportsDiscreteLoudness":true,"SupportsToggleLoudness":true,"SupportsSetBass":true,"SupportsVolumePercentFeedback":true,"SupportsMuteFeedback":true,"SupportsDiscreteMute":true,"SupportsMute":true,"SupportsChangeVolume":true,"SupportsPowerFeedback":true,"SupportsDiscretePower":true,"SupportsTogglePower":true,"SupportsWarmUpTime":true,"SupportsCoolDownTime":true,"SupportsSpeakerProtectFeedback":true,"SupportsDiscreteSpeakerProtect":true,"SupportsSpeakerProtectToggle":true,"SupportsDisconnect":true,"SupportsReconnect":true},"StandardCommands":{"PowerOn":{"Command":"OUTPUT1_POWER_ON"},"PowerOff":{"Command":"OUTPUT1_POWER_OFF"},"Power":{"Command":"OUTPUT1_POWER_TOGGLE"},"MuteOn":{"Command":"OUTPUT1_MUTE_ON"},"MuteOff":{"Command":"OUTPUT1_MUTE_OFF"},"Mute":{"Command":"OUTPUT1_MUTE_TOGGLE"},"Vol":{"Command":"OUTPUT1_VOLSET:{value}"},"ToneSetBass":{"Command":"OUTPUT1_BASSSET:{value}"},"ToneBassLevelUp":{"Command":"OUTPUT1_BASUP"},"ToneBassLevelDown":{"Command":"OUTPUT1_BASSDOWN"},"ToneBassReset":{"Command":"OUTPUT1_BASSSET:0"},"ToneSetTreble":{"Command":"OUTPUT1_TREBLESET:{value}"},"ToneTrebleLevelUp":{"Command":"OUTPUT1_TREBLEUP"},"ToneTrebleLevelDown":{"Command":"OUTPUT1_TREBLEDOWN"},"ToneTrebleReset":{"Command":"OUTPUT1_TREBLESET:0"},"ToneControlOn":{"Command":"OUTPUT1_TONE_ON"},"ToneControlOff":{"Command":"OUTPUT1_TONE_OFF"},"ToneControlToggle":{"Command":"OUTPUT1_TONE_TOGGLE"},"LoudnessOn":{"Command":"OUTPUT1_LOUDNESS_ON"},"LoudnessOff":{"Command":"OUTPUT1_LOUDNESS_OFF"},"LoudnessToggle":{"Command":"OUTPUT1_LOUDNESS_TOGGLE"},"SpeakerProtectOn":{"Command":"OUTPUT1_SPKRPRT_ON"},"SpeakerProtectOff":{"Command":"OUTPUT1_SPKRPRT_OFF"},"SpeakerProtectToggle":{"Command":"OUTPUT1_SPKRPRT_TOGGLE"}},"Feedback":{"PowerFeedback":{"Feedback":{"On":"ON","Off":"OFF"},"GroupHeader":"OUTPUT1:POW="},"MuteFeedback":{"Feedback":{"On":"ON","Off":"OFF"},"GroupHeader":"OUTPUT1:MUTE="},"VolumeFeedback":{"GroupHeader":"OUTPUT1:VOL="},"BassFeedback":{"GroupHeader":"OUTPUT1:BASS="},"TrebleFeedback":{"GroupHeader":"OUTPUT1:TREBLE="},"ToneControlFeedback":{"Feedback":{"On":"ON","Off":"OFF"},"GroupHeader":"OUTPUT1:TONE="},"LoudnessFeedback":{"Feedback":{"On":"ON","Off":"OFF"},"GroupHeader":"OUTPUT1:LOUDNESS="},"SpeakerProtectFeedback":{"Feedback":{"On":"ON","Off":"OFF"},"GroupHeader":"OUTPUT1:SPKRPRT="},"DcFaultStateFeedback":{"Feedback":{"None":"NONE","OverCurrent":"OC","OverTemperature":"OT","HighDcOffset":"HCO","UnderVoltage":"UV","OverVoltage":"OV"},"GroupHeader":"OUTPUT1:DCFAULTSTATE="},"AudioIsClippingFeedback":{"Feedback":{"On":"YES","Off":"NO"},"GroupHeader":"OUTPUT1:AUDIOCLIPPING="}}},{"ApiIdentifier":"OUTPUT#2","Id":"output2","Name":"Output 2","Manufacturer":"Crestron","Model":"FakeDriver_PowerReceiver","Type":"IndirectOutput","WarmUpTime":5,"CoolDownTime":1,"VolumeRampingRate":250,"BassRampingRate":250,"TrebleRampingRate":250,"Ports":[{"Type":"CEC","Direction":"All","Name":"CEC 3","Id":"output2_CecPort1","PassThruOnly":false,"IncomingDataFeedbackHeader":"OUTPUT1:CEC2_RX=","StandardCommands":{"SendCecData":{"Command":"OUTPUT2_CEC1_TX={value}"}}}],"AudioOutputDetails":[{"type":"Input2","description":"Output 2 HDBaseT Audio Output","connector":"GenericAudio","friendlyName":"Output 2"}],"VideoOutputDetails":[{"type":"Input2","description":"Output 2 HDBaseT Video Output","connector":"GenericVideo","friendlyName":"Output 2"}],"DeviceSupport":{"SupportsPowerFeedback":true,"SupportsDiscretePower":true,"SupportsTogglePower":true,"SupportsWarmUpTime":true,"SupportsChangeVolume":true,"SupportsCoolDownTime":true},"StandardCommands":{"PowerOn":{"Command":"OUTPUT2_POWER_ON"},"PowerOff":{"Command":"OUTPUT2_POWER_OFF"},"Power":{"Command":"OUTPUT2_POWER_TOGGLE"},"Vol":{"Command":"OUTPUT2_VOLSET:{value}"}},"Feedback":{"PowerFeedback":{"Feedback":{"On":"ON","Off":"OFF"},"GroupHeader":"OUTPUT2:POW="}}},{"ApiIdentifier":"OUTPUT#3","Id":"output3","Name":"Output 3","Manufacturer":"Crestron","Model":"FakeDriver_PowerReceiver","Type":"IndirectOutput","WarmUpTime":5,"CoolDownTime":1,"VolumeRampingRate":250,"BassRampingRate":250,"TrebleRampingRate":250,"AudioOutputDetails":[{"type":"Input3","description":"Output 3 HDBaseT Audio Output","connector":"GenericAudio","friendlyName":"Output 3"}],"VideoOutputDetails":[{"type":"Input3","description":"Output 3 HDBaseT Video Output","connector":"GenericVideo","friendlyName":"Output 3"}],"DeviceSupport":{"SupportsPowerFeedback":true,"SupportsDiscretePower":true,"SupportsTogglePower":true,"SupportsWarmUpTime":true,"SupportsChangeVolume":true,"SupportsCoolDownTime":true},"StandardCommands":{"PowerOn":{"Command":"OUTPUT3_POWER_ON"},"PowerOff":{"Command":"OUTPUT3_POWER_OFF"},"Power":{"Command":"OUTPUT3_POWER_TOGGLE"},"Vol":{"Command":"OUTPUT3_VOLSET:{value}"}},"Feedback":{"PowerFeedback":{"Feedback":{"On":"ON","Off":"OFF"},"GroupHeader":"OUTPUT3:POW="}}},{"ApiIdentifier":"OUTPUT#4","Id":"output4","Name":"Output 4","Manufacturer":"Crestron","Model":"FakeDriver_HDBaseTReceiver","Type":"IndirectOutput","WarmUpTime":5,"CoolDownTime":1,"VolumeRampingRate":250,"BassRampingRate":250,"TrebleRampingRate":250,"AudioOutputDetails":[{"type":"Input4","description":"Output 4 HDBaseT Audio Output","connector":"GenericAudio","friendlyName":"Output 4"}],"VideoOutputDetails":[{"type":"Input4","description":"Output 4 HDBaseT Video Output","connector":"GenericVideo","friendlyName":"Output 4"}]},{"ApiIdentifier":"OUTPUT#5","Id":"output5","Name":"Output 5","Manufacturer":"Crestron","Model":"FakeDriver_HDMIOutputCard","Type":"DirectOutput","AudioOutputDetails":[{"type":"Hdmi5","description":"Output 5 HDMI Audio Output","connector":"Hdmi","friendlyName":"Output 5"}],"VideoOutputDetails":[{"type":"Hdmi5","description":"Output 5 HDMI Video Output","connector":"Hdmi","friendlyName":"Output 5"}]},{"ApiIdentifier":"OUTPUT#6","Id":"output6","Name":"Output 6","Manufacturer":"Crestron","Model":"FakeDriver_HDMIOutputCard","Type":"DirectOutput","AudioOutputDetails":[{"type":"Hdmi6","description":"Output 6 HDMI Audio Output","connector":"Hdmi","friendlyName":"Output 6"}],"VideoOutputDetails":[{"type":"Hdmi6","description":"Output 6 HDMI Video Output","connector":"Hdmi","friendlyName":"Output 6"}]},{"ApiIdentifier":"OUTPUT#7","Id":"output7","Name":"Output 7","Manufacturer":"Crestron","Model":"FakeDriver_HDMIOutputCard","Type":"DirectOutput","AudioOutputDetails":[{"type":"Hdmi7","description":"Output 7 HDMI Audio Output","connector":"Hdmi","friendlyName":"Output 7"}],"VideoOutputDetails":[{"type":"Hdmi7","description":"Output 7 HDMI Video Output","connector":"Hdmi","friendlyName":"Output 7"}]},{"ApiIdentifier":"OUTPUT#8","Id":"output8","Name":"Output 8","Manufacturer":"Crestron","Model":"FakeDriver_HDMIOutputCard","Type":"DirectOutput","AudioOutputDetails":[{"type":"Hdmi8","description":"Output 8 HDMI Audio Output","connector":"Hdmi","friendlyName":"Output 8"}],"VideoOutputDetails":[{"type":"Hdmi8","description":"Output 8 HDMI Video Output","connector":"Hdmi","friendlyName":"Output 8"}]}],"RoutableInputs":[{"ApiIdentifier":"INPUT#1","Id":"input1","Name":"Input 1","Manufacturer":"Crestron","Model":"FakeDriver_VolumeTransmitter","Type":"IndirectInput","AudioInputDetails":[{"type":"Input1","description":"Input 1 HDBaseT Audio Input","connector":"GenericAudio","friendlyName":"Input 1"}],"VideoInputDetails":[{"type":"Input1","description":"Input 1 HDBaseT Video Input","connector":"GenericVideo","friendlyName":"Input 1"}],"Ports":[{"Type":"IR","Direction":"Input","Name":"IR Output 1","Id":"input1_IrPort1","PassThruOnly":true}]},{"ApiIdentifier":"INPUT#2","Id":"input2","Name":"Input 2","Manufacturer":"Crestron","Model":"FakeDriver_VolumeTransmitter","Type":"IndirectInput","AudioInputDetails":[{"type":"Input2","description":"Input 2 HDBaseT Audio Input","connector":"GenericAudio","friendlyName":"Input 2"}],"VideoInputDetails":[{"type":"Input2","description":"Input 2 HDBaseT Video Input","connector":"GenericVideo","friendlyName":"Input 2"}]},{"ApiIdentifier":"INPUT#3","Id":"input3","Name":"Input 3","Manufacturer":"Crestron","Model":"FakeDriver_PowerTransmitter","Type":"IndirectInput","AudioInputDetails":[{"type":"Input3","description":"Input 3 HDBaseT Audio Input","connector":"GenericAudio","friendlyName":"Input 3"}],"VideoInputDetails":[{"type":"Input3","description":"Input 3 HDBaseT Video Input","connector":"GenericVideo","friendlyName":"Input 3"}]},{"ApiIdentifier":"INPUT#4","Id":"input4","Name":"Input 4","Manufacturer":"Crestron","Model":"FakeDriver_HDBaseTTransmitter","Type":"IndirectInput","AudioInputDetails":[{"type":"Input4","description":"Input 4 HDBaseT Audio Input","connector":"GenericAudio","friendlyName":"Input 4"}],"VideoInputDetails":[{"type":"Input4","description":"Input 4 HDBaseT Video Input","connector":"GenericVideo","friendlyName":"Input 4"}]},{"ApiIdentifier":"INPUT#5","Id":"input5","Name":"Input 5","Manufacturer":"Crestron","Model":"FakeDriver_HDMIInputCard","Type":"DirectInput","AudioInputDetails":[{"type":"Hdmi5","description":"Input 5 HDMI Audio Input","connector":"Hdmi","friendlyName":"Input 5"}],"VideoInputDetails":[{"type":"Hdmi5","description":"Input 5 HDMI Video Input","connector":"Hdmi","friendlyName":"Input 5"}]},{"ApiIdentifier":"INPUT#6","Id":"input6","Name":"Input 6","Manufacturer":"Crestron","Model":"FakeDriver_HDMIInputCard","Type":"DirectInput","AudioInputDetails":[{"type":"Hdmi6","description":"Input 6 HDMI Audio Input","connector":"Hdmi","friendlyName":"Input 6"}],"VideoInputDetails":[{"type":"Hdmi6","description":"Input 6 HDMI Video Input","connector":"Hdmi","friendlyName":"Input 6"}]},{"ApiIdentifier":"INPUT#7","Id":"input7","Name":"Input 7","Manufacturer":"Crestron","Model":"FakeDriver_HDMIInputCard","Type":"DirectInput","AudioInputDetails":[{"type":"Hdmi7","description":"Input 7 HDMI Audio Input","connector":"Hdmi","friendlyName":"Input 7"}],"VideoInputDetails":[{"type":"Hdmi7","description":"Input 7 HDMI Video Input","connector":"Hdmi","friendlyName":"Input 7"}]},{"ApiIdentifier":"INPUT#8","Id":"input8","Name":"Input 8","Manufacturer":"Crestron","Model":"FakeDriver_HDMIInputCard","Type":"DirectInput","AudioInputDetails":[{"type":"Hdmi8","description":"Input 8 HDMI Audio Input","connector":"Hdmi","friendlyName":"Input 8"}],"VideoInputDetails":[{"type":"Hdmi8","description":"Input 8 HDMI Video Input","connector":"Hdmi","friendlyName":"Input 8"}]}]}},"UserAttributes":[]}}