{"CrestronSerialDeviceApi":{"DeviceSupport":{"SupportsChangeVolume":true,"SupportsCoolDownTime":true,"SupportsDiscreteMute":true,"SupportsDiscretePower":true,"SupportsMuteFeedback":true,"SupportsPowerFeedback":true,"SupportsSetVolume":true,"SupportsVolumePercentFeedback":true,"SupportsWarmUpTime":true,"SupportsFeedback":true,"SupportsInputFeedback":true,"SupportsSetInputSource":true},"DeviceSupport2":["SupportsArrowKeys","SupportsHome","SupportsBack","SupportsSelect","SupportsOptions","SupportsChangeChannel","SupportsSetChannel"],"GeneralInformation":{"DeviceType":"Flat Panel Display","Manufacturer":"Sony","BaseModel":"XBR-43X800D SmartTV","VersionDate":"2023-07-06 19:07:34.000","DriverVersion":"20.0000.0023","SdkVersion":"2.00.002","Description":"Sony XBR Series Display","Guid":"68821070-3931-4da3-a367-7be315a262d5","DependencyGroup":"","Developer":{"Company":"Crestron","Contact":"Crestron Support","Email":"support@crestron.com","Website":"www.crestron.com","PhoneNumber":"(888) 273-7876"},"SupportedSeries":["XBR Series","KD Series"],"SupportedModels":["XBR-43X800D SmartTV","KD-43X705G SmartTV","KD-43X720E SmartTV","KD-43X725E SmartTV","KD-43X727E SmartTV","KD-49X700E SmartTV","KD-49X705E SmartTV","KD-49X705G SmartTV","KD-49X706E SmartTV","KD-49X720E SmartTV","KD-49X725E SmartTV","KD-49X727E SmartTV","KD-50X690E SmartTV","KD-55X705G SmartTV","KD-55X750F SmartTV","KD-55X751F SmartTV","KD-55X755F SmartTV","KD-55X757F SmartTV","KD-60X690E SmartTV","KD-65X750F SmartTV","KD-65X755F SmartTV","KD-65X757F SmartTV","KD-70X690E SmartTV","KD-75X780F SmartTV","KDL-43W660G SmartTV","KDL-50W660G SmartTV","KDL-50W665G SmartTV","KDL-50W667G SmartTV","XBR-100Z9D SmartTV","XBR-43X800E SmartTV","XBR-43X800G SmartTV","XBR-43X800H SmartTV","XBR-46HX909 SmartTV","XBR-49X800D SmartTV","XBR-49X800E SmartTV ","XBR-49X805E SmartTV","XBR-49X805G SmartTV","XBR-49X807E SmartTV","XBR-49X807G SmartTV","XBR-49X850B SmartTV","XBR-49X900E SmartTV","XBR-49X900F SmartTV ","XBR-55A1E SmartTV ","XBR-55A8F SmartTV ","XBR-55A9F SmartTV","XBR-55A9G SmartTV","XBR-55X700D SmartTV","XBR-55X805G SmartTV","XBR-55X807G SmartTV","XBR-55X850B SmartTV","XBR-55X850D SmartTV","XBR-55X850E SmartTV","XBR-55X850G SmartTV","XBR-55X855G SmartTV","XBR-55X857G SmartTV","XBR-55X900B SmartTV","XBR-55X900C SmartTV","XBR-55X900E SmartTV","XBR-55X900F SmartTV ","XBR-55X930D SmartTV","XBR-55X930E SmartTV","XBR-55X950G SmartTV","XBR-55X955G SmartTV","XBR-55X957G SmartTV","XBR-55X990C SmartTV","XBR-60X830F SmartTV","XBR-60X835F SmartTV","XBR-65A1E SmartTV ","XBR-65A8F SmartTV ","XBR-65A8G SmartTV","XBR-65A9F SmartTV","XBR-65A9G SmartTV","XBR-65X800G SmartTV","XBR-65X805G SmartTV","XBR-65X807G SmartTV","XBR-65X850B SmartTV","XBR-65X850D SmartTV","XBR-65X850E SmartTV","XBR-65X850F SmartTV ","XBR-65X850G SmartTV","XBR-65X851F SmartTV","XBR-65X855G SmartTV","XBR-65X856F SmartTV","XBR-65X857G SmartTV","XBR-65X858F SmartTV","XBR-65X900B SmartTV","XBR-65X900C SmartTV","XBR-65X900E SmartTV","XBR-65X900F SmartTV ","XBR-65X930C SmartTV","XBR-65X930D SmartTV","XBR-65X930E SmartTV","XBR-65X950B SmartTV","XBR-65X950G SmartTV","XBR-65X955G SmartTV","XBR-65X957G SmartTV","XBR-65Z9D SmartTV","XBR-65Z9F SmartTV","XBR-70X830F SmartTV","XBR-70X835F SmartTV","XBR-70X850B SmartTV","XBR-75X800G SmartTV","XBR-75X805G SmartTV","XBR-75X807G SmartTV","XBR-75X850D SmartTV","XBR-75X850E SmartTV","XBR-75X850F SmartTV ","XBR-75X850G SmartTV","XBR-75X855F SmartTV","XBR-75X855G SmartTV","XBR-75X857F SmartTV","XBR-75X900E SmartTV","XBR-75X900F SmartTV ","XBR-75X900H SmartTV","XBR-75X910C SmartTV","XBR-75X940C SmartTV","XBR-75X940D SmartTV","XBR-75X940E SmartTV","XBR-75X945E SmartTV","XBR-75X947E SmartTV","XBR-75X950G SmartTV","XBR-75X955G SmartTV","XBR-75X957G SmartTV","XBR-75Z9D SmartTV","XBR-75Z9F SmartTV","XBR-77A1E SmartTV ","XBR-77A9G SmartTV","XBR-79X900B SmartTV","XBR-85X850D SmartTV","XBR-85X850F SmartTV ","XBR-85X850G SmartTV","XBR-85X855G SmartTV","XBR-85X857G SmartTV","XBR-85X900 SmartTV ","XBR-85X900F SmartTV","XBR-85X950B SmartTV","XBR-85X950G SmartTV","XBR-85X955G SmartTV","XBR-85Z9G SmartTV","XBR-X800F SmartTV","XBR-X850F SmartTV"]},"Api":{"Communication":{"CommunicationType":0,"Protocol":0,"Baud":256,"Parity":0,"HwHandshake":0,"SwHandshake":0,"DataBits":8,"StopBits":1,"Port":0,"EnableAutoPolling":true,"EnableAutoReconnect":true,"TimeBetweenCommands":200,"ResponseTimeout":8000,"WaitForResponse":true,"IpProtocol":0,"IsUserAdjustable":false,"Authentication":{"Type":"None","Required":false},"IsSecure":false,"UserAdjustableProperties":[],"DeviceId":0},"VideoConfigurations":{"SupportsDisplayModes":true,"DisplayModes":[{"Id":"4by3","FriendlyName":"4:3","Command":"\u0000F\u0003\u0001\u0004"},{"Id":"16By9","FriendlyName":"16:9","Command":"\u0000D\u0003\u0001\u0000"},{"Id":"Full","FriendlyName":"Full","Command":"\u0000D\u0003\u0001\u0001"},{"Id":"Normal","FriendlyName":"Normal","Command":"\u0000D\u0003\u0001\u0003"},{"Id":"Zoom","FriendlyName":"Zoom","Command":"\u0000D\u0003\u0001\u0002"},{"Id":"PCNormal","FriendlyName":"PC Normal","Command":"\u0000D\u0003\u0001\u0005"},{"Id":"PCFull1","FriendlyName":"PC Full 1","Command":"\u0000D\u0003\u0001\u0006"},{"Id":"PCFull2","FriendlyName":"PC Full 2","Command":"\u0000D\u0003\u0001\u0007"}]},"MediaServiceProviders":{"SupportsMediaServices":true,"HasDirectAccessToApps":true,"SupportsActiveMediaServiceFeedback":true,"SupportsActiveMediaServiceStateFeedback":false,"SupportsMediaServiceSubscriptionStateFeedback":false,"AvailableServices":[{"Id":"tvtuner","FriendlyName":"Live TV","Command":"\u0000\u0002\u0002\u0001","IsBranded":false,"IsSelectable":true,"SupportedFeatureData":[{"ComponentInterface":"INavigation","SupportStatements":["SupportsArrowKeys","SupportsUpDown","SupportsLeftRight","SupportsSelect","SupportsHome"]},{"ComponentInterface":"IMediaTransport","SupportStatements":["SupportsBack"]},{"ComponentInterface":"IChannel","SupportStatements":["SupportsChangeChannel","SupportsSetChannel"]}]},{"Id":"unknownMediaService","FriendlyName":"Smart TV","Command":"","IsBranded":false,"IsSelectable":false,"SupportedFeatureData":[{"ComponentInterface":"INavigation","SupportStatements":["SupportsArrowKeys","SupportsUpDown","SupportsLeftRight","SupportsSelect","SupportsHome"]},{"ComponentInterface":"IMediaTransport","SupportStatements":["SupportsBack"]},{"ComponentInterface":"IMediaTransportOptions","SupportStatements":["SupportsOptions"]}]}],"FeedbackData":{"GroupHeader":"","ActiveServiceFeedbackData":{"GroupHeader":null,"Feedback":{"tvtuner":"\u0003\u0001"}},"PlaybackStateFeedbackData":null},"MediaServicePollCommand":null,"MediaServicePollingEnabled":false,"MediaServiceSubscriptionStatePollCommand":null,"MediaServiceSubscriptionStatePollingEnabled":false,"MediaServicePlaybackStatePollCommand":null,"MediaServicePlaybackStatePollingEnabled":false},"StandardCommands":{"PowerOn":{"StandardCommand":6602,"Command":"\u0000\u0000\u0002\u0001","Parameters":[]},"PowerOff":{"StandardCommand":6601,"Command":"\u0000\u0000\u0002\u0000","Parameters":[]},"Hdmi1":{"StandardCommand":400,"Command":"\u0000\u0002\u0003\u0004\u0001","Parameters":[]},"Hdmi2":{"StandardCommand":401,"Command":"\u0000\u0002\u0003\u0004\u0002","Parameters":[]},"Hdmi3":{"StandardCommand":402,"Command":"\u0000\u0002\u0003\u0004\u0003","Parameters":[]},"Hdmi4":{"StandardCommand":403,"Command":"\u0000\u0002\u0003\u0004\u0004","Parameters":[]},"Input2":{"StandardCommand":1801,"Command":"\u0000\u0002\u0003\u0003\u0001","Parameters":[]},"Composite1":{"StandardCommand":900,"Command":"\u0000\u0002\u0003\u0002\u0001","Parameters":[]},"ChannelUp":{"StandardCommand":5602,"Command":"\u0000\u0006\u0003\u0001\u0001","Parameters":[]},"ChannelDown":{"StandardCommand":5603,"Command":"\u0000\u0006\u0003\u0001\u0001","Parameters":[]},"MuteOn":{"StandardCommand":4602,"Command":"\u0000\u0006\u0003\u0001\u0001","Parameters":[]},"MuteOff":{"StandardCommand":4601,"Command":"\u0000\u0006\u0003\u0001\u0000","Parameters":[]},"Vol":{"StandardCommand":7000,"Command":"\u0000\u0005\u0003\u0001!$[00]","Parameters":[{"Type":2,"PadCharacter":null,"PadDirection":0,"Id":"00","Max":100,"Min":0,"StaticDataWidth":0}]},"PowerPoll":{"StandardCommand":6603,"Command":"\u0000\u0000ÿÿ","Parameters":[]},"InputPoll":{"StandardCommand":1900,"Command":"\u0000\u0002ÿÿ","Parameters":[]},"VolumePoll":{"StandardCommand":7003,"Command":"\u0000\u0005ÿÿ","Parameters":[]},"MutePoll":{"StandardCommand":4603,"Command":"\u0000\u0006ÿÿ","Parameters":[]}},"CustomCommands":[],"InputConnections":[{"InputType":400,"InputConnector":20,"Description":"HDMI1"},{"InputType":401,"InputConnector":20,"Description":"HDMI2"},{"InputType":402,"InputConnector":20,"Description":"HDMI3"},{"InputType":403,"InputConnector":20,"Description":"HDMI4"}],"AudioInOut":{"Inputs":[{"type":400,"description":"HDMI1","connector":10,"friendlyName":"HDMI1"},{"type":401,"description":"HDMI2","connector":10,"friendlyName":"HDMI2"},{"type":402,"description":"HDMI3","connector":10,"friendlyName":"HDMI3"},{"type":403,"description":"HDMI4","connector":10,"friendlyName":"HDMI4"}],"Outputs":[{"type":29901,"description":"Analog Audio out","connector":40,"friendlyName":"Analog Audio out"},{"type":29701,"description":"Optical Audio Out","connector":20,"friendlyName":"Optical Audio Out"}]},"VideoInOut":{"Inputs":[{"type":400,"description":"HDMI1","connector":20,"friendlyName":"HDMI1"},{"type":401,"description":"HDMI2","connector":20,"friendlyName":"HDMI2"},{"type":402,"description":"HDMI3","connector":20,"friendlyName":"HDMI3"},{"type":403,"description":"HDMI4","connector":20,"friendlyName":"HDMI4"}],"Outputs":[]},"ArrowKeys":[],"PowerWaitPeriod":{"UseLocalWarmupTimer":true,"WarmUpTime":20,"UseLocalCooldownTimer":true,"CoolDownTime":5},"Feedback":{"CommandAckNak":{"Ack":"p\u0000p","Nak":"p\u0004t"},"Header":"p\u0000","PowerFeedback":{"Feedback":{"Off":"\u0002\u0000","On":"\u0002\u0001"},"GroupHeader":""},"MuteFeedback":{"Feedback":{"Off":"\u0003\u0001\u0000","On":"\u0003\u0001\u0001"},"GroupHeader":""},"InputFeedback":{"GroupHeader":"","Feedback":[{"InputType":400,"Feedback":"\u0003\u0004\u0001"},{"InputType":401,"Feedback":"\u0003\u0004\u0002"},{"InputType":402,"Feedback":"\u0003\u0004\u0003"},{"InputType":403,"Feedback":"\u0003\u0004\u0004"}]},"VolumeFeedback":{"GroupHeader":""},"EnergyStarFeedback":{"Feedback":{},"GroupHeader":""},"OnScreenDisplayFeedback":{"Feedback":{},"GroupHeader":""},"VideoMuteFeedback":{"Feedback":{},"GroupHeader":""},"LampHourFeedback":{"GroupHeader":""}}},"UserAttributes":[{"TypeName":"MessageBox","ParameterId":"Configuration Notice 1","Label":"Setup Instructions","Description":"To enable RS232c control, Navigate to Settings \u003e RS232C Control \u003e Enable via serial port","Persistent":false,"RequiredForConnection":"None","Data":{"DataType":"","Mask":"","DefaultValue":""}},{"TypeName":"MessageBox","ParameterId":"Configuration Notice 2","Label":"Setup Instructions","Description":"To enable powering on the device, TV must be ON for first time connection. Driver will enable control.","Persistent":false,"RequiredForConnection":"Before","Data":{"DataType":"","Mask":"","DefaultValue":""}}]}}