{"CrestronSerialDeviceApi":{"DeviceSupport":{},"DeviceSupport2":[],"GeneralInformation":{"DeviceType":"Platform","Manufacturer":"Crestron","BaseModel":"Sample Platform","VersionDate":"2023-07-06 19:07:34.000","DriverVersion":"20.0000.0023","SdkVersion":"3.00.000","Description":"Sample Platform Driver","Guid":"740c1045-35ad-4073-b0fc-b8aa88fc6f3a","DependencyGroup":"","Developer":{"Company":"Example Company","Contact":"John Doe","Email":"you@YOUR COMPANY NAME HERE.com","Website":"www.YOUR COMPANY WEBSITE HERE.com","PhoneNumber":"(555) 555-5555"},"SupportedSeries":["Sample Platform"],"SupportedModels":["Sample Platform"]},"Api":{"SupportsConfigurationUpdate":false,"Communication":{"CommunicationType":1,"Port":8080,"TimeBetweenCommands":500,"ResponseTimeout":4000,"IpProtocol":0,"IsUserAdjustable":false,"Authentication":{"Type":"None","Required":false}},"Feedback":{"MinimumResponseTime":80000,"MaximumResponseTime":160000}},"UserAttributes":[],"Dependencies":["PairedDevice_Crestron_Sample.dll","PairedExtensionDevice_Crestron_Sample.dll","SamplePlatformCommon.dll"]}}