{"CrestronSerialDeviceApi":{"DeviceSupport":{"SupportsArrowKeys":true,"SupportsClear":false,"SupportsEnter":false,"SupportsExit":true,"SupportsBack":true,"SupportsPause":true,"SupportsPlay":true,"SupportsForwardScan":true,"SupportsForwardSkip":true,"SupportsMenu":true,"SupportsReverseScan":true,"SupportsReverseSkip":true,"SupportsStop":true,"SupportsSelect":true},"DeviceSupport2":[],"GeneralInformation":{"DeviceType":"Video Server","Manufacturer":"Crestron","BaseModel":"Generic CEC Video Server","VersionDate":"2023-07-06 19:07:35.000","DriverVersion":"20.0000.0023","SdkVersion":"2.00.002","Description":"Crestron Generic CEC Video Server","Guid":"f36766b0-83c4-43af-9e69-e4c88b93af25","DependencyGroup":"","Developer":{"Company":"Crestron","Contact":"Crestron Support","Email":"support@crestron.com","Website":"www.crestron.com","PhoneNumber":"(888) 273-7876"},"SupportedSeries":[],"SupportedModels":["Generic CEC Video Server"]},"Api":{"Communication":{"CommunicationType":3,"Protocol":-1,"Baud":-1,"Parity":-1,"HwHandshake":-1,"SwHandshake":-1,"DataBits":0,"StopBits":-1,"Port":0,"EnableAutoPolling":true,"EnableAutoReconnect":false,"TimeBetweenCommands":0,"ResponseTimeout":0,"WaitForResponse":false,"IpProtocol":0,"IsUserAdjustable":false,"Authentication":{"Type":"None","Required":false},"IsSecure":false,"UserAdjustableProperties":[],"DeviceId":0},"StandardCommands":{"Select":{"StandardCommand":10700,"Command":"\\u0004\\u0044\\u0000","Parameters":[]},"Clear":{"StandardCommand":11200,"Command":"\\u0004\\u0044\\u002C","Parameters":[]},"Exit":{"StandardCommand":11600,"Command":"\\u0004\\u0044\\u000D","Parameters":[]},"Back":{"StandardCommand":16400,"Command":"\\u0004\\u0044\\u000D","Parameters":[]},"Menu":{"StandardCommand":15200,"Command":"\\u0004\\u0044\\u0009","Parameters":[]},"Stop":{"StandardCommand":14000,"Command":"\\u0004\\u0044\\u0045","Parameters":[]},"Play":{"StandardCommand":12901,"Command":"\\u0044\\u0044","Parameters":[]},"Pause":{"StandardCommand":12900,"Command":"\\u0044\\u0046","Parameters":[]}},"CustomCommands":[],"ArrowKeys":[0,1,2,3],"PowerWaitPeriod":{"UseLocalWarmupTimer":false,"WarmUpTime":0,"UseLocalCooldownTimer":false,"CoolDownTime":0},"AudioInOut":{"Inputs":[],"Outputs":[]},"VideoInOut":{"Inputs":[],"Outputs":[{"type":400,"description":"HDMI 1","connector":20,"friendlyName":"HDMI 1"}]},"Feedback":{"Header":"","CommandAckNak":{"Ack":"","Nak":""},"PowerFeedback":{"Feedback":{"On":"","Off":""},"GroupHeader":""}}},"UserAttributes":[]}}