{"CrestronSerialDeviceApi":{"DeviceSupport":{"SupportsReconnect":true,"SupportsDisconnect":true,"SupportsPowerFeedback":false,"SupportsUsername":false,"SupportsPassword":true},"GeneralInformation":{"BaseModel":"Security System Sample Model 1","Description":"Sample Security System Driver","DeviceType":"Security System","DriverVersion":"20.0000.0023","Guid":"8a7099d0-1a7c-43d8-9267-4d5c4036c340","DependencyGroup":"","Developer":{"Company":"Example Company","Contact":"John Doe","Email":"you@YOUR COMPANY NAME HERE.com","Website":"www.YOUR COMPANY WEBSITE HERE.com","PhoneNumber":"(555) 555-5555"},"Manufacturer":"Crestron Sample","SdkVersion":"3.00.000","SupportedModels":["Security System Sample Model 2 "],"SupportedSeries":["Crestron"],"VersionDate":"2023-07-06 19:07:35.000"},"UserAttributes":[{"typeName":"Custom","parameterId":"SampleParameterId","label":"Sample Label","description":"This is sample description for user attribute","persistent":true,"requiredForConnection":"Before","data":{"dataType":"String","mask":"","defaultValue":""}}],"Api":{"Communication":{"Authentication":{"UsernameRequired":false,"PasswordRequired":true,"Type":"UsernamePassword","Required":true,"UsernameMask":"","PasswordMask":"","DefaultUsername":"","DefaultPassword":""},"Baud":-1,"CommunicationType":1,"DataBits":0,"DeviceId":0,"EnableAutoPolling":true,"EnableAutoReconnect":true,"HwHandshake":-1,"IpProtocol":0,"IsSecure":false,"IsUserAdjustable":false,"Parity":-1,"Port":7094,"Protocol":-1,"ResponseTimeout":9000,"StopBits":-1,"SwHandshake":-1,"TimeBetweenCommands":1000,"UserAdjustableProperties":[],"WaitForResponse":true}}}}