{"CrestronSerialDeviceApi":{"DeviceSupport":{},"DeviceSupport2":[],"GeneralInformation":{"DeviceType":"Demo","Manufacturer":"Crestron","BaseModel":"Controls for Extensions","VersionDate":"2023-07-06 19:07:33.000","DriverVersion":"20.0000.0023","SdkVersion":"4.00.000","Description":"Demo of controls available for Extensions","Guid":"74b0e357-a578-4086-8c16-b4bc11aa9ac5","DependencyGroup":"","Developer":{"Company":"Example Company","Contact":"John Doe","Email":"you@YOUR COMPANY NAME HERE.com","Website":"www.YOUR COMPANY WEBSITE HERE.com","PhoneNumber":"(555) 555-5555"},"ExtensionDeviceData":{"IsExtensionDevice":true,"IsMediaDevice":false,"IsMediaSource":false},"SupportedSeries":["Example Series"],"SupportedModels":["Controls for Extensions"]},"Api":{"Communication":{"CommunicationType":5,"Protocol":-1,"Baud":-1,"Parity":-1,"HwHandshake":-1,"SwHandshake":-1,"DataBits":0,"StopBits":-1,"Port":4444,"EnableAutoPolling":true,"EnableAutoReconnect":true,"TimeBetweenCommands":250,"ResponseTimeout":3000,"WaitForResponse":false,"IpProtocol":0,"IsUserAdjustable":false,"Authentication":{"Type":"None","Required":false},"IsSecure":false,"UserAdjustableProperties":[],"DeviceId":0}},"UserAttributes":[]}}