<?xml version="1.0" encoding="UTF-8" ?>
<uidefinition xmlns:xsi="http://www.w3.org/2001/XMLSchema-instance" xsi:noNamespaceSchemaLocation="https://prd-use-rad-assets.azurewebsites.net/ExtensionsSchemaDefinition.xsd">
  <version ver="2.0" />

  <tile icon="#icScenesRegular" status="{TapCount}" action="command:ButtonTap" navigation="show:MainLayout" showinhomepage="#false" showinroompage="#true"/>

  <layouts>

    <layout id="MainLayout" isdefaultlayout="#true">

      <controls>

        <textdisplay id="1" title="^TapCountLabel" line1label="{TapCount}"/>
        <button id="2" label="^ButtonLabel" action="command:ButtonTap"/>

      </controls>

    </layout>

  </layouts>

  <alerts>
  </alerts>

</uidefinition>