{"CrestronSerialDeviceApi":{"DeviceSupport":{"SupportsChangeVolume":true,"SupportsCoolDownTime":true,"SupportsDiscretePower":true,"SupportsPowerFeedback":true,"SupportsVolumePercentFeedback":true,"SupportsWarmUpTime":true,"SupportsFeedback":true,"SupportsInputFeedback":true,"SupportsLampHours":true,"SupportsSetInputSource":true,"SupportsDiscreteVideoMute":true,"SupportsVideoMuteFeedback":true},"DeviceSupport2":["SupportsArrowKeys","SupportsSelect","SupportsMenu","SupportsExit"],"GeneralInformation":{"DeviceType":"Projector","Manufacturer":"Epson","BaseModel":"PowerLite 2140W","VersionDate":"2023-07-06 19:07:35.000","DriverVersion":"20.0000.0023","SdkVersion":"2.00.002","Description":"Epson PowerLite Projector","Guid":"154E98F7-8AEA-4DFD-8DAC-4912D33D5C18","DependencyGroup":"","Developer":{"Company":"Crestron","Contact":"Crestron Support","Email":"support@crestron.com","Website":"www.crestron.com","PhoneNumber":"(888) 273-7876"},"SupportedSeries":["PowerLite"],"SupportedModels":["PowerLite 2140W","PowerLite 2265U","PowerLite 2255U","PowerLite 2245U","PowerLite Home Cinema 1450","PowerLite 2165W","PowerLite 2155W","PowerLite 975W","PowerLite 2065","PowerLite 2055","PowerLite 2050","PowerLite 2040","Powerlite U50","CB-2265U","CB-2255U","CB-2245U","CB-2165W","CB-2155W","CB-2140W","CB-975W","CB-2065","CB-2055","CB-2050","CB-2040","EB-2265U","EB-2255U","EB-2245U","EB-2165W","EB-2155W","EB-2140W","EB-975W","EB-2065","EB-2055","EB-2050","EB-2040","EB-X550KG","EB-X500KG"]},"Api":{"Communication":{"CommunicationType":0,"Protocol":0,"Baud":256,"Parity":0,"HwHandshake":0,"SwHandshake":0,"DataBits":8,"StopBits":1,"Port":0,"EnableAutoPolling":true,"EnableAutoReconnect":false,"TimeBetweenCommands":250,"ResponseTimeout":1000,"WaitForResponse":false,"IpProtocol":0,"IsUserAdjustable":false,"Authentication":{"Type":"None","Required":false},"IsSecure":false,"UserAdjustableProperties":[],"DeviceId":0},"StandardCommands":{"PowerOff":{"StandardCommand":6601,"Command":"PWR OFF","Parameters":[]},"PowerOn":{"StandardCommand":6602,"Command":"PWR ON","Parameters":[]},"PowerPoll":{"StandardCommand":6603,"Command":"PWR?","Parameters":[]},"LampHoursPoll":{"StandardCommand":18400,"Command":"LAMP?","Parameters":[]},"VideoMuteOn":{"StandardCommand":21401,"Command":"MUTE ON","Parameters":[]},"VideoMuteOff":{"StandardCommand":21402,"Command":"MUTE OFF","Parameters":[]},"VideoMutePoll":{"StandardCommand":21403,"Command":"MUTE?","Parameters":[]},"Vol":{"StandardCommand":7000,"Command":"VOL !$[vol]","Parameters":[{"Type":0,"PadCharacter":null,"PadDirection":0,"Id":"vol","Max":20,"Min":0,"StaticDataWidth":0}]},"Hdmi1":{"StandardCommand":400,"Command":"SOURCE 30","Parameters":[]},"Hdmi2":{"StandardCommand":401,"Command":"SOURCE A0","Parameters":[]},"Vga1":{"StandardCommand":200,"Command":"SOURCE 11","Parameters":[]},"Vga2":{"StandardCommand":201,"Command":"SOURCE 21","Parameters":[]},"Composite1":{"StandardCommand":900,"Command":"SOURCE 41","Parameters":[]},"Usb1":{"StandardCommand":1200,"Command":"SOURCE 52","Parameters":[]},"InputPoll":{"StandardCommand":1900,"Command":"SOURCE?","Parameters":[]},"VolumePoll":{"StandardCommand":7003,"Command":"VOL?","Parameters":[]},"VolMinus":{"StandardCommand":7001,"Command":"VOL DEC","Parameters":[]},"VolPlus":{"StandardCommand":7002,"Command":"VOL INC","Parameters":[]},"Menu":{"StandardCommand":15200,"Command":"KEY 03","Parameters":[]},"Select":{"StandardCommand":10700,"Command":"KEY 16","Parameters":[]},"UpArrow":{"StandardCommand":10600,"Command":"KEY 35","Parameters":[]},"DownArrow":{"StandardCommand":10000,"Command":"KEY 36","Parameters":[]},"LeftArrow":{"StandardCommand":10200,"Command":"KEY 37","Parameters":[]},"RightArrow":{"StandardCommand":10400,"Command":"KEY 38","Parameters":[]},"Exit":{"StandardCommand":11600,"Command":"KEY 05","Parameters":[]}},"CustomCommands":[],"InputConnections":[{"InputType":200,"InputConnector":10,"Description":"Computer 1"},{"InputType":201,"InputConnector":10,"Description":"Computer 2 Configurable"},{"InputType":400,"InputConnector":20,"Description":"HDMI 1"},{"InputType":401,"InputConnector":20,"Description":"HDMI 2"}],"AudioInOut":{"Inputs":[{"type":400,"description":"HDMI 1","connector":10,"friendlyName":"HDMI 1"},{"type":401,"description":"HDMI 2","connector":10,"friendlyName":"HDMI 2"},{"type":29001,"description":"Audio1","connector":40,"friendlyName":"Audio1"},{"type":29002,"description":"Audio2","connector":40,"friendlyName":"Audio2 Configurable"}],"Outputs":[{"type":29001,"description":"Audio Out","connector":40,"friendlyName":"Audio Out"}]},"VideoInOut":{"Inputs":[{"type":200,"description":"Computer 1","connector":10,"friendlyName":"Computer 1"},{"type":201,"description":"Computer 2","connector":10,"friendlyName":"Computer 2 Configurable"},{"type":400,"description":"HDMI 1","connector":20,"friendlyName":"HDMI 1"},{"type":401,"description":"HDMI 2","connector":20,"friendlyName":"HDMI 2"}],"Outputs":[{"type":400,"description":"Monitor Out","connector":10,"friendlyName":"Monitor Out Configurable"}]},"ArrowKeys":[],"PowerWaitPeriod":{"UseLocalWarmupTimer":true,"WarmUpTime":60,"UseLocalCooldownTimer":true,"CoolDownTime":120},"Feedback":{"CommandAckNak":{"Ack":"ACK","Nak":"ERR"},"Header":"","PowerFeedback":{"Feedback":{"On":"01","Off":"00"},"GroupHeader":"PWR="},"MuteFeedback":{"Feedback":{},"GroupHeader":""},"InputFeedback":{"GroupHeader":"SOURCE=","Feedback":[{"InputType":200,"Feedback":"11"},{"InputType":201,"Feedback":"21"},{"InputType":400,"Feedback":"30"},{"InputType":401,"Feedback":"A0"},{"InputType":900,"Feedback":"41"},{"InputType":1200,"Feedback":"52"},{"InputType":1600,"Feedback":"net"}]},"VolumeFeedback":{"GroupHeader":"VOL="},"EnergyStarFeedback":{"Feedback":{},"GroupHeader":""},"OnScreenDisplayFeedback":{"Feedback":{},"GroupHeader":""},"VideoMuteFeedback":{"Feedback":{"On":"ON","Off":"OFF"},"GroupHeader":"MUTE="},"LampHourFeedback":{"GroupHeader":"LAMP="}}},"UserAttributes":[]}}