{"CrestronSerialDeviceApi":{"DeviceSupport":{"SupportsArrowKeys":true,"SupportsChangeVolume":true,"SupportsCoolDownTime":true,"SupportsDiscreteMute":true,"SupportsDiscretePower":true,"SupportsExit":true,"SupportsMenu":true,"SupportsMuteFeedback":true,"SupportsPowerFeedback":true,"SupportsSetVolume":true,"SupportsVolumePercentFeedback":true,"SupportsWarmUpTime":true,"SupportsFeedback":true,"SupportsInputFeedback":true,"SupportsSetInputSource":true,"SupportsSelect":true,"SupportsToneControlFeedback":true,"SupportsDiscreteToneControl":true,"SupportsChangeBass":true,"SupportsChangeTreble":true,"SupportsChangeFrequency":true,"SupportsAutoFrequency":true,"SupportsTunerFeedback":true,"SupportsSetFrequency":true,"SupportsDiscreteFrequencyBand":true,"SupportsPresetRecall":true,"SupportsPresetStore":true,"SupportsSetAudioInputSource":true,"SupportsSetVideoInputSource":true,"SupportsAudioInputFeedback":true,"SupportsVideoInputFeedback":true,"SupportsSurroundModeFeedback":true,"SupportsSurroundModeCycle":true,"SupportsDisconnect":true,"SupportsReconnect":true,"SupportsSetBass":true,"SupportsSetTreble":true,"SupportsBassFeedback":true,"SupportsBassDbFeedback":true,"SupportsTrebleFeedback":true,"SupportsTrebleDbFeedback":true},"DeviceSupport2":null,"GeneralInformation":{"DeviceType":"AV Receiver","Manufacturer":"Marantz","BaseModel":"AV8805 MultiZone","VersionDate":"2023-07-06 19:07:32.000","DriverVersion":"20.0000.0023","SdkVersion":"2.00.005","Description":"AV Receiver","Guid":"dcc9ee42-2e04-427a-8de0-d9b26692b63c","DependencyGroup":"","Developer":{"Company":"Crestron","Contact":"Crestron Support","Email":"support@crestron.com","Website":"www.crestron.com","PhoneNumber":"(888) 273-7876"},"SupportedSeries":["AV"],"SupportedModels":["AV8805 MultiZone","AV7704 MultiZone","AV7703 MultiZone","SR8012 MultiZone","SR7012 MultiZone","SR7013 MultiZone","SR6012 MultiZone","SR6013 MultiZone","SR5012 MultiZone","SR5013 MultiZone","NR1608 MultiZone","SR1609 MultiZone","NR1508 MultiZone","SR1509 MultiZone"]},"Api":{"Communication":{"CommunicationType":1,"Protocol":-1,"Baud":-1,"Parity":-1,"HwHandshake":-1,"SwHandshake":-1,"DataBits":0,"StopBits":-1,"Port":23,"EnableAutoPolling":true,"EnableAutoReconnect":true,"TimeBetweenCommands":250,"TimeBetweenCommandsOverride":100,"ResponseTimeout":2000,"WaitForResponse":false,"IpProtocol":0,"IsUserAdjustable":false,"Authentication":{"Type":"None","Required":false},"IsSecure":false,"UserAdjustableProperties":null,"DeviceId":0},"PowerWaitPeriod":{"UseLocalWarmupTimer":true,"WarmUpTime":15,"UseLocalCooldownTimer":true,"CoolDownTime":2},"StandardCommands":{"NotAStandardCommand":{"StandardCommand":0,"Command":"","AllowIsQueueableOverride":true,"AllowIsSendableOverride":true,"Parameters":[]},"PowerOn":{"StandardCommand":6602,"Command":"ZMON","AllowIsQueueableOverride":true,"AllowIsSendableOverride":true,"Parameters":[]},"PowerOff":{"StandardCommand":6601,"Command":"ZMOFF","AllowIsQueueableOverride":true,"AllowIsSendableOverride":true,"Parameters":[]},"PowerPoll":{"StandardCommand":6603,"Command":"ZM?","AllowIsQueueableOverride":true,"AllowIsSendableOverride":true,"Parameters":[]},"Input1":{"StandardCommand":1800,"Command":"SISAT/CBL","AllowIsQueueableOverride":true,"AllowIsSendableOverride":true,"Parameters":[]},"Input2":{"StandardCommand":1801,"Command":"SIDVD","AllowIsQueueableOverride":true,"AllowIsSendableOverride":true,"Parameters":[]},"Input3":{"StandardCommand":1802,"Command":"SIBD","AllowIsQueueableOverride":true,"AllowIsSendableOverride":true,"Parameters":[]},"Input4":{"StandardCommand":1803,"Command":"SIGAME","AllowIsQueueableOverride":true,"AllowIsSendableOverride":true,"Parameters":[]},"Input5":{"StandardCommand":1804,"Command":"SIMPLAY","AllowIsQueueableOverride":true,"AllowIsSendableOverride":true,"Parameters":[]},"Input6":{"StandardCommand":1805,"Command":"SIAUX1","AllowIsQueueableOverride":true,"AllowIsSendableOverride":true,"Parameters":[]},"Input7":{"StandardCommand":1806,"Command":"SIAUX2","Parameters":[]},"Input8":{"StandardCommand":1807,"Command":"SICD","AllowIsQueueableOverride":true,"AllowIsSendableOverride":true,"Parameters":[]},"Input9":{"StandardCommand":1808,"Command":"SITUNER","AllowIsQueueableOverride":true,"AllowIsSendableOverride":true,"Parameters":[]},"Input10":{"StandardCommand":1809,"Command":"SIPHONO","AllowIsQueueableOverride":true,"AllowIsSendableOverride":true,"Parameters":[]},"Input11":{"StandardCommand":1810,"Command":"SITV","AllowIsQueueableOverride":true,"AllowIsSendableOverride":true,"Parameters":[]},"Network1":{"StandardCommand":1600,"Command":"SINET","AllowIsQueueableOverride":true,"AllowIsSendableOverride":true,"Parameters":[]},"Bluetooth1":{"StandardCommand":30220,"Command":"SIBT","Parameters":[]},"InputPoll":{"StandardCommand":1900,"Command":"SI?","AllowIsQueueableOverride":true,"AllowIsSendableOverride":true,"Parameters":[]},"Vol":{"StandardCommand":7000,"Command":"MV!$[vol]","AllowIsQueueableOverride":true,"AllowIsSendableOverride":true,"Parameters":[{"Type":0,"PadCharacter":"0","PadDirection":0,"Id":"vol","Max":100,"Min":0,"StaticDataWidth":2}]},"VolumePoll":{"StandardCommand":7003,"Command":"MV?","AllowIsQueueableOverride":true,"AllowIsSendableOverride":true,"Parameters":[]},"MuteOn":{"StandardCommand":4602,"Command":"MUON","AllowIsQueueableOverride":true,"AllowIsSendableOverride":true,"Parameters":[]},"MuteOff":{"StandardCommand":4601,"Command":"MUOFF","AllowIsQueueableOverride":true,"AllowIsSendableOverride":true,"Parameters":[]},"MutePoll":{"StandardCommand":4603,"Command":"MU?","AllowIsQueueableOverride":true,"AllowIsSendableOverride":true,"Parameters":[]},"UpArrow":{"StandardCommand":10600,"Command":"MNCUP","AllowIsQueueableOverride":true,"AllowIsSendableOverride":true,"Parameters":[]},"DownArrow":{"StandardCommand":10000,"Command":"MNCDN","AllowIsQueueableOverride":true,"AllowIsSendableOverride":true,"Parameters":[]},"LeftArrow":{"StandardCommand":10200,"Command":"MNCLT","AllowIsQueueableOverride":true,"AllowIsSendableOverride":true,"Parameters":[]},"RightArrow":{"StandardCommand":10400,"Command":"MNCRT","AllowIsQueueableOverride":true,"AllowIsSendableOverride":true,"Parameters":[]},"Select":{"StandardCommand":10700,"Command":"MNENT","AllowIsQueueableOverride":true,"AllowIsSendableOverride":true,"Parameters":[]},"Exit":{"StandardCommand":11600,"Command":"MNRTN","AllowIsQueueableOverride":true,"AllowIsSendableOverride":true,"Parameters":[]},"Menu":{"StandardCommand":15200,"Command":"MNMEN ON","AllowIsQueueableOverride":true,"AllowIsSendableOverride":true,"Parameters":[]},"TunerFrequencyUp":{"StandardCommand":28801,"Command":"TFANUP","AllowIsQueueableOverride":true,"AllowIsSendableOverride":true,"Parameters":[]},"TunerFrequencyDown":{"StandardCommand":28800,"Command":"TFANDOWN","AllowIsQueueableOverride":true,"AllowIsSendableOverride":true,"Parameters":[]},"TunerAutoFrequencyUp":{"StandardCommand":28804,"Command":"TFANUP","AllowIsQueueableOverride":true,"AllowIsSendableOverride":true,"Parameters":[]},"TunerAutoFrequencyDown":{"StandardCommand":28803,"Command":"TFANDOWN","AllowIsQueueableOverride":true,"AllowIsSendableOverride":true,"Parameters":[]},"TunerFrequencyBandAm":{"StandardCommand":28806,"Command":"TMANAM","AllowIsQueueableOverride":true,"AllowIsSendableOverride":true,"Parameters":[]},"TunerFrequencyBandFm":{"StandardCommand":28807,"Command":"TMANFM","AllowIsQueueableOverride":true,"AllowIsSendableOverride":true,"Parameters":[]},"TunerFrequency":{"StandardCommand":28802,"Command":"TFAN!$[freq]","AllowIsQueueableOverride":true,"AllowIsSendableOverride":true,"Parameters":[{"Type":0,"PadCharacter":"0","PadDirection":0,"Id":"freq","Max":0,"Min":0,"StaticDataWidth":6}]},"TunerFrequencyPoll":{"StandardCommand":28810,"Command":"TFAN?","AllowIsQueueableOverride":true,"AllowIsSendableOverride":true,"Parameters":[]},"TunerPresetRecall":{"StandardCommand":28808,"Command":"TPAN!$[value]","AllowIsQueueableOverride":true,"AllowIsSendableOverride":true,"Parameters":[{"Type":0,"PadCharacter":"0","PadDirection":0,"Id":"value","Max":0,"Min":0,"StaticDataWidth":2}]},"TunerPresetStore":{"StandardCommand":28809,"Command":"TPANMEM!$[value]","AllowIsQueueableOverride":true,"AllowIsSendableOverride":true,"Parameters":[{"Type":0,"PadCharacter":"0","PadDirection":0,"Id":"value","Max":0,"Min":0,"StaticDataWidth":2}]},"ToneControlOn":{"StandardCommand":29000,"Command":"PSTONE CTRL ON","AllowIsQueueableOverride":true,"AllowIsSendableOverride":true,"Parameters":[]},"ToneControlOff":{"StandardCommand":29001,"Command":"PSTONE CTRL OFF","AllowIsQueueableOverride":true,"AllowIsSendableOverride":true,"Parameters":[]},"ToneStatePoll":{"StandardCommand":29011,"Command":"PSTONE CTRL ?","AllowIsQueueableOverride":true,"AllowIsSendableOverride":true,"Parameters":[]},"ToneBassLevelUp":{"StandardCommand":29003,"Command":"PSBAS UP","AllowIsQueueableOverride":true,"AllowIsSendableOverride":true,"Parameters":[]},"ToneBassLevelDown":{"StandardCommand":29004,"Command":"PSBAS DOWN","AllowIsQueueableOverride":true,"AllowIsSendableOverride":true,"Parameters":[]},"ToneBassPoll":{"StandardCommand":29012,"Command":"PSBAS ?","AllowIsQueueableOverride":true,"AllowIsSendableOverride":true,"Parameters":[]},"ToneTrebleLevelUp":{"StandardCommand":29006,"Command":"PSTRE UP","AllowIsQueueableOverride":true,"AllowIsSendableOverride":true,"Parameters":[]},"ToneTrebleLevelDown":{"StandardCommand":29007,"Command":"PSTRE DOWN","AllowIsQueueableOverride":true,"AllowIsSendableOverride":true,"Parameters":[]},"ToneBassReset":{"StandardCommand":29016,"Command":"PSBAS 50","AllowIsQueueableOverride":true,"AllowIsSendableOverride":true,"Parameters":[]},"ToneTrebleReset":{"StandardCommand":29017,"Command":"PSTRE 50","AllowIsQueueableOverride":true,"AllowIsSendableOverride":true,"Parameters":[]},"ToneSetBass":{"StandardCommand":29002,"Command":"PSBAS {0}","AllowIsQueueableOverride":true,"AllowIsSendableOverride":true,"Parameters":[]},"ToneSetTreble":{"StandardCommand":29005,"Command":"PSTRE {0}","AllowIsQueueableOverride":true,"AllowIsSendableOverride":true,"Parameters":[]},"ToneTreblePoll":{"StandardCommand":29013,"Command":"PSTRE ?","AllowIsQueueableOverride":true,"AllowIsSendableOverride":true,"Parameters":[]},"SurroundModeCycle":{"StandardCommand":29201,"Command":"MSRIGHT","AllowIsQueueableOverride":true,"AllowIsSendableOverride":true,"Parameters":[]},"SurroundModePoll":{"StandardCommand":29202,"Command":"MS?","AllowIsQueueableOverride":true,"AllowIsSendableOverride":true,"Parameters":[]}},"CustomCommands":[],"ArrowKeys":[0,1,2,3],"AudioInOut":{"Inputs":[{"type":1800,"description":"CBL/SAT","connector":130,"friendlyName":"CBL/SAT Audio-Only"},{"type":1801,"description":"DVD","connector":130,"friendlyName":"DVD Audio-Only"},{"type":1802,"description":"BLURAY","connector":130,"friendlyName":"BLURAY Audio-Only"},{"type":1803,"description":"GAME","connector":130,"friendlyName":"GAME Audio-Only"},{"type":1804,"description":"MEDIA PLAYER","connector":130,"friendlyName":"MEDIA PLAYER Audio-Only"},{"type":1805,"description":"AUX 1","connector":130,"friendlyName":"AUX 1 Audio-Only"},{"type":1806,"description":"AUX 2","connector":130,"friendlyName":"AUX 2 Audio-Only"},{"type":1807,"description":"CD","connector":130,"friendlyName":"CD Audio-Only"},{"type":1808,"description":"TUNER","connector":130,"friendlyName":"TUNER"},{"type":1809,"description":"PHONO","connector":130,"friendlyName":"PHONO"},{"type":1810,"description":"TV","connector":130,"friendlyName":"TV Audio-Only"}],"Outputs":[{"type":400,"description":"MONITOR 1","connector":10,"friendlyName":"MONITOR 1"},{"type":401,"description":"MONITOR 2","connector":10,"friendlyName":"MONITOR 2"},{"type":29901,"description":"PRE OUT","connector":40,"friendlyName":"PRE OUT"}]},"VideoInOut":{"Inputs":[{"type":1800,"description":"CBL/SAT","connector":150,"friendlyName":"CBL/SAT"},{"type":1801,"description":"DVD","connector":150,"friendlyName":"DVD"},{"type":1802,"description":"BLURAY","connector":150,"friendlyName":"BLURAY"},{"type":1803,"description":"GAME","connector":150,"friendlyName":"GAME"},{"type":1804,"description":"MEDIA PLAYER","connector":150,"friendlyName":"MEDIA PLAYER"},{"type":1805,"description":"AUX 1","connector":150,"friendlyName":"AUX 1"},{"type":1806,"description":"AUX 2","connector":150,"friendlyName":"AUX 2"},{"type":1807,"description":"CD","connector":150,"friendlyName":"CD"},{"type":1810,"description":"TV","connector":150,"friendlyName":"TV"}],"Outputs":[{"type":400,"description":"MONITOR 1","connector":20,"friendlyName":"MONITOR 1"},{"type":401,"description":"MONITOR 2","connector":20,"friendlyName":"MONITOR 2"}]},"Feedback":{"SupportsUnsolicitedFeedback":true,"ConnectedStatePollCommand":"ZM?","Header":"","PowerFeedback":{"Feedback":{"On":"ON","Off":"OFF"},"GroupHeader":"ZM"},"MuteFeedback":{"Feedback":{"On":"ON","Off":"OFF"},"GroupHeader":"MU"},"VolumeFeedback":{"GroupHeader":"MV"},"InputFeedback":{"GroupHeader":"SI","Feedback":[{"InputType":1800,"Feedback":"SAT/CBL"},{"InputType":1801,"Feedback":"DVD"},{"InputType":1802,"Feedback":"BD"},{"InputType":1803,"Feedback":"GAME"},{"InputType":1804,"Feedback":"MPLAY"},{"InputType":1805,"Feedback":"AUX1"},{"InputType":1806,"Feedback":"AUX2"},{"InputType":1807,"Feedback":"CD"},{"InputType":1810,"Feedback":"TV"}]},"AudioInputFeedback":{"GroupHeader":"SI","Feedback":[{"AudioInputType":1800,"Feedback":"SAT/CBL"},{"AudioInputType":1801,"Feedback":"DVD"},{"AudioInputType":1802,"Feedback":"BD"},{"AudioInputType":1803,"Feedback":"GAME"},{"AudioInputType":1804,"Feedback":"MPLAY"},{"AudioInputType":1805,"Feedback":"AUX1"},{"AudioInputType":1806,"Feedback":"AUX2"},{"AudioInputType":1807,"Feedback":"CD"},{"AudioInputType":1808,"Feedback":"TUNER"},{"AudioInputType":1809,"Feedback":"PHONO"},{"AudioInputType":1810,"Feedback":"TV"},{"AudioInputType":1600,"Feedback":"NET"},{"AudioInputType":30220,"Feedback":"BT"}]},"AudioFeedback":{"ToneStateFeedback":{"GroupHeader":"PSTONE CTRL ","Feedback":{"On":"ON","Off":"OFF"}},"ToneControlFeedback":{"GroupHeader":"PS","IndividualGroupHeaders":{"Bass":"BAS ","Treble":"TRE "}},"LoudnessFeedback":{"GroupHeader":"","Feedback":{}}},"SurroundModeFeedback":{"GroupHeader":"MS","Feedback":{}},"TunerFeedback":{"GroupHeader":"TFAN","FrequencyBandFeedback":{"GroupHeader":"TMAN","Feedback":{"Am":"AM","Fm":"FM"}}},"CommandAckNak":{"Ack":"","Nak":""}},"AvrZoneData":{"AvrZoneMasterId":"MarantzAV8805ZoneControl","AvrZone":[{"SupportedFeature":{"SupportsDiscretePower":true,"SupportsPowerFeedback":true,"SupportsVideoInputFeedback":true,"SupportsSetVideoInputSource":true,"SupportsAudioInputFeedback":true,"SupportsSetAudioInputSource":true,"SupportsVolumePercentFeedback":true,"SupportsSetVolume":true,"SupportsChangeVolume":true,"SupportsDiscreteMute":true,"SupportsMuteFeedback":true},"Uid":"Zone 2","FriendlyName":"Zone 2","StandardCommands":{"PowerOn":{"StandardCommand":6602,"Command":"Z2ON","Parameters":[]},"PowerOff":{"StandardCommand":6601,"Command":"Z2OFF","Parameters":[]},"PowerPoll":{"StandardCommand":6603,"Command":"Z2?","Parameters":[]},"Input1":{"StandardCommand":1800,"Command":"Z2SAT/CBL","Parameters":[]},"Input2":{"StandardCommand":1801,"Command":"Z2DVD","Parameters":[]},"Input3":{"StandardCommand":1802,"Command":"Z2BD","Parameters":[]},"Input4":{"StandardCommand":1803,"Command":"Z2GAME","Parameters":[]},"Input5":{"StandardCommand":1804,"Command":"Z2MPLAY","Parameters":[]},"Input6":{"StandardCommand":1805,"Command":"Z2AUX1","Parameters":[]},"Input7":{"StandardCommand":1806,"Command":"Z2AUX2","Parameters":[]},"Input8":{"StandardCommand":1807,"Command":"Z2CD","Parameters":[]},"Input9":{"StandardCommand":1808,"Command":"Z2TUNER","Parameters":[]},"Input10":{"StandardCommand":1809,"Command":"Z2PHONO","Parameters":[]},"Input11":{"StandardCommand":1810,"Command":"Z2TV","Parameters":[]},"Network1":{"StandardCommand":1600,"Command":"Z2NET","Parameters":[]},"Bluetooth1":{"StandardCommand":30220,"Command":"Z2BT","Parameters":[]},"InputPoll":{"StandardCommand":1900,"Command":"SI?","Parameters":[]},"VolumePoll":{"StandardCommand":7003,"Command":"Z2V?","Parameters":[]},"Vol":{"StandardCommand":7000,"Command":"Z2","Parameters":[]},"MuteOn":{"StandardCommand":4602,"Command":"Z2MUON","Parameters":[]},"MuteOff":{"StandardCommand":4601,"Command":"Z2MUOFF","Parameters":[]},"MutePoll":{"StandardCommand":4603,"Command":"Z2MU?","Parameters":[]}},"ZoneFeedback":{"Header":"Z2","PowerFeedback":{"GroupHeader":"","Feedback":{"On":"ON","Off":"OFF"}},"VolumeFeedback":{"GroupHeader":""},"MuteFeedback":{"GroupHeader":"","Feedback":{"On":"ON","Off":"OFF"}},"InputFeedback":{"GroupHeader":"","Feedback":[{"InputType":1800,"Feedback":"SAT/CBL"},{"InputType":1801,"Feedback":"DVD"},{"InputType":1802,"Feedback":"BD"},{"InputType":1803,"Feedback":"GAME"},{"InputType":1804,"Feedback":"MPLAY"},{"InputType":1805,"Feedback":"AUX1"}]},"AudioInputFeedback":{"GroupHeader":"","Feedback":[{"AudioInputType":1800,"Feedback":"SAT/CBL"},{"AudioInputType":1801,"Feedback":"DVD"},{"AudioInputType":1802,"Feedback":"BD"},{"AudioInputType":1803,"Feedback":"GAME"},{"AudioInputType":1804,"Feedback":"MPLAY"},{"AudioInputType":1805,"Feedback":"AUX1"},{"AudioInputType":1806,"Feedback":"AUX2"},{"AudioInputType":1807,"Feedback":"CD"},{"AudioInputType":1808,"Feedback":"TUNER"},{"AudioInputType":1809,"Feedback":"PHONO"},{"AudioInputType":1810,"Feedback":"TV"},{"AudioInputType":1600,"Feedback":"NET"},{"AudioInputType":30220,"Feedback":"BT"}]}},"AudioInOut":{"Inputs":[{"type":1800,"description":"CBL/SAT","connector":130,"friendlyName":"CBL/SAT Audio-Only"},{"type":1801,"description":"DVD","connector":130,"friendlyName":"DVD Audio-Only"},{"type":1802,"description":"BLURAY","connector":130,"friendlyName":"BLURAY Audio-Only"},{"type":1803,"description":"GAME","connector":130,"friendlyName":"GAME Audio-Only"},{"type":1804,"description":"MEDIA PLAYER","connector":130,"friendlyName":"MEDIA PLAYER Audio-Only"},{"type":1805,"description":"AUX 1","connector":130,"friendlyName":"AUX 1 Audio-Only"},{"type":1806,"description":"AUX 2","connector":130,"friendlyName":"AUX 2 Audio-Only"},{"type":1807,"description":"CD","connector":130,"friendlyName":"CD Audio-Only"},{"type":1808,"description":"TUNER","connector":130,"friendlyName":"TUNER"},{"type":1809,"description":"PHONO","connector":130,"friendlyName":"PHONO"},{"type":1810,"description":"TV","connector":130,"friendlyName":"TV Audio-Only"}],"Outputs":[{"type":29901,"description":"Zone 2 Analog Audio","connector":40,"friendlyName":"Zone 2 Analog Audio"},{"type":400,"description":"Zone 2 HDMI","connector":10,"friendlyName":"Zone 2 HDMI"}]},"VideoInOut":{"Inputs":[{"type":1800,"description":"CBL/SAT","connector":150,"friendlyName":"CBL/SAT"},{"type":1801,"description":"DVD","connector":150,"friendlyName":"DVD"},{"type":1802,"description":"BLURAY","connector":150,"friendlyName":"BLURAY"},{"type":1803,"description":"GAME","connector":150,"friendlyName":"GAME"},{"type":1804,"description":"MEDIA PLAYER","connector":150,"friendlyName":"MEDIA PLAYER"},{"type":1805,"description":"AUX 1","connector":150,"friendlyName":"AUX 1"}],"Outputs":[{"type":400,"description":"Zone 2 HDMI","connector":20,"friendlyName":"Zone 2 HDMI"}]}},{"SupportedFeature":{"SupportsDiscretePower":true,"SupportsPowerFeedback":true,"SupportsVideoInputFeedback":true,"SupportsSetVideoInputSource":true,"SupportsAudioInputFeedback":true,"SupportsSetAudioInputSource":true,"SupportsVolumePercentFeedback":true,"SupportsSetVolume":true,"SupportsChangeVolume":true,"SupportsDiscreteMute":true,"SupportsMuteFeedback":true},"Uid":"Zone 3","FriendlyName":"Zone 3","StandardCommands":{"PowerOn":{"StandardCommand":6602,"Command":"Z3ON","Parameters":[]},"PowerOff":{"StandardCommand":6601,"Command":"Z3OFF","Parameters":[]},"PowerPoll":{"StandardCommand":6603,"Command":"Z3?","Parameters":[]},"Input1":{"StandardCommand":1800,"Command":"Z3SAT/CBL","Parameters":[]},"Input2":{"StandardCommand":1801,"Command":"Z3DVD","Parameters":[]},"Input3":{"StandardCommand":1802,"Command":"Z3BD","Parameters":[]},"Input4":{"StandardCommand":1803,"Command":"Z3GAME","Parameters":[]},"Input5":{"StandardCommand":1804,"Command":"Z3MPLAY","Parameters":[]},"Input6":{"StandardCommand":1805,"Command":"Z3AUX1","Parameters":[]},"Input7":{"StandardCommand":1806,"Command":"Z3AUX2","Parameters":[]},"Input8":{"StandardCommand":1807,"Command":"Z3CD","Parameters":[]},"Input9":{"StandardCommand":1808,"Command":"Z3TUNER","Parameters":[]},"Input10":{"StandardCommand":1809,"Command":"Z3PHONO","Parameters":[]},"Input11":{"StandardCommand":1810,"Command":"Z3TV","Parameters":[]},"Network1":{"StandardCommand":1600,"Command":"Z3NET","Parameters":[]},"Bluetooth1":{"StandardCommand":30220,"Command":"Z3BT","Parameters":[]},"VolumePoll":{"StandardCommand":7003,"Command":"Z3V?","Parameters":[]},"Vol":{"StandardCommand":7000,"Command":"Z3","Parameters":[]},"MuteOn":{"StandardCommand":4602,"Command":"Z3MUON","Parameters":[]},"MuteOff":{"StandardCommand":4601,"Command":"Z3MUOFF","Parameters":[]},"MutePoll":{"StandardCommand":4603,"Command":"Z3MU?","Parameters":[]}},"ZoneFeedback":{"Header":"Z3","PowerFeedback":{"GroupHeader":"","Feedback":{"On":"ON","Off":"OFF"}},"VolumeFeedback":{"GroupHeader":""},"MuteFeedback":{"GroupHeader":"","Feedback":{"On":"ON","Off":"OFF"}},"InputFeedback":{"GroupHeader":"","Feedback":[{"InputType":1800,"Feedback":"SAT/CBL"},{"InputType":1801,"Feedback":"DVD"},{"InputType":1802,"Feedback":"BD"},{"InputType":1803,"Feedback":"GAME"},{"InputType":1804,"Feedback":"MPLAY"},{"InputType":1805,"Feedback":"AUX1"}]},"AudioInputFeedback":{"GroupHeader":"","Feedback":[{"AudioInputType":1800,"Feedback":"SAT/CBL"},{"AudioInputType":1801,"Feedback":"DVD"},{"AudioInputType":1802,"Feedback":"BD"},{"AudioInputType":1803,"Feedback":"GAME"},{"AudioInputType":1804,"Feedback":"MPLAY"},{"AudioInputType":1805,"Feedback":"AUX1"},{"AudioInputType":1806,"Feedback":"AUX2"},{"AudioInputType":1807,"Feedback":"CD"},{"AudioInputType":1808,"Feedback":"TUNER"},{"AudioInputType":1809,"Feedback":"PHONO"},{"AudioInputType":1810,"Feedback":"TV"},{"AudioInputType":1600,"Feedback":"NET"},{"AudioInputType":30220,"Feedback":"BT"}]}},"AudioInOut":{"Inputs":[{"type":1800,"description":"CBL/SAT","connector":130,"friendlyName":"CBL/SAT Audio-Only"},{"type":1801,"description":"DVD","connector":130,"friendlyName":"DVD Audio-Only"},{"type":1802,"description":"BLURAY","connector":130,"friendlyName":"BLURAY Audio-Only"},{"type":1803,"description":"GAME","connector":130,"friendlyName":"GAME Audio-Only"},{"type":1804,"description":"MEDIA PLAYER","connector":130,"friendlyName":"MEDIA PLAYER Audio-Only"},{"type":1805,"description":"AUX 1","connector":130,"friendlyName":"AUX 1 Audio-Only"},{"type":1806,"description":"AUX 2","connector":130,"friendlyName":"AUX 2 Audio-Only"},{"type":1807,"description":"CD","connector":130,"friendlyName":"CD Audio-Only"},{"type":1808,"description":"TUNER","connector":130,"friendlyName":"TUNER"},{"type":1809,"description":"PHONO","connector":130,"friendlyName":"PHONO"},{"type":1810,"description":"TV","connector":130,"friendlyName":"TV Audio-Only"}],"Outputs":[{"type":29901,"description":"Zone 3 Analog Audio","connector":40,"friendlyName":"Zone 3 Analog Audio"}]},"VideoInOut":{"Inputs":[],"Outputs":[]}}]}},"UserAttributes":[{"TypeName":"MessageBox","ParameterId":"Configuration Notice","Label":"Optional Inputs","Description":"To enable device power on, Navigate to Setup \u003e Network \u003e Network Control \u003e and set to \u0027Always On\u0027","Persistent":false,"RequiredForConnection":"None","Data":{"DataType":"","Mask":"","DefaultValue":""}},{"TypeName":"MessageBox","ParameterId":"Configuration Notice 2","Label":"Zone Volume Setting","Description":"The Zone Volume must be set to \u0027Variable\u0027 in order for the driver to properly report zone volume feedback.  Go to Setup\u003eGeneral\u003eZone 2/3 Setup\u003e Volume Level:\u0027Variable\u0027","Persistent":false,"RequiredForConnection":"None","Data":{"DataType":"","Mask":"","DefaultValue":""}}]}}