{"CrestronSerialDeviceApi":{"DeviceSupport":{"SupportsChangeVolume":true,"SupportsCoolDownTime":true,"SupportsDiscreteMute":true,"SupportsMute":false,"SupportsDiscretePower":true,"SupportsPowerFeedback":true,"SupportsWarmUpTime":true,"SupportsMuteFeedback":true,"SupportsInputFeedback":true,"SupportsSetVolume":true,"SupportsVolumePercentFeedback":true,"SupportsSetInputSource":true},"DeviceSupport2":["SupportsArrowKeys","SupportsHome","SupportsExit","SupportsSelect","SupportsForwardScan","SupportsReverseScan","SupportsPause","SupportsPlay","SupportsStop","SupportsOptions","SupportsColorButtons","SupportsChangeChannel","SupportsKeypadNumber","SupportsPeriod","SupportsForwardSkip","SupportsReverseSkip","SupportsEnter","SupportsSetChannel","SupportsInfo","SupportsSetVideoInputSource","SupportsVideoInputFeedback","SupportsChannelFeedback","SupportsBack"],"GeneralInformation":{"DeviceType":"Flat Panel Display","Manufacturer":"Sony","BaseModel":"XBR-43X800D SmartTV","VersionDate":"2023-07-06 19:07:34.000","DriverVersion":"20.0000.0023","SdkVersion":"2.00.002","Description":"Sony XBR Series Display","Guid":"68821070-3931-5da3-a367-7be315a262d3","DependencyGroup":"","Developer":{"Company":"Crestron","Contact":"Crestron Support","Email":"support@crestron.com","Website":"www.crestron.com","PhoneNumber":"(888) 273-7876"},"SupportedSeries":["XBR Series","KD Series"],"SupportedModels":["XBR-43X800D SmartTV","KD-43X705G SmartTV","KD-43X725E SmartTV","KD-43X727E SmartTV","KD-49X700E SmartTV","KD-49X705E SmartTV","KD-49X705G SmartTV","KD-49X706E SmartTV","KD-49X720E SmartTV","KD-49X725E SmartTV","KD-49X727E SmartTV","KD-50X690E SmartTV","KD-55X705G SmartTV","KD-55X750F SmartTV","KD-55X751F SmartTV","KD-55X755F SmartTV","KD-55X757F SmartTV","KD-60X690E SmartTV","KD-65X750F SmartTV","KD-65X755F SmartTV","KD-65X757F SmartTV","KD-70X690E SmartTV","KD-75X780F SmartTV","KDL-43W660G SmartTV","KDL-50W660G SmartTV","KDL-50W665G SmartTV","KDL-50W667G SmartTV","XBR-100Z9D SmartTV","XBR-43X800E SmartTV","XBR-43X800G SmartTV","XBR-43X800H SmartTV","XBR-46HX909 SmartTV","XBR-49X800D SmartTV","XBR-49X800E SmartTV ","XBR-49X805E SmartTV","XBR-49X805G SmartTV","XBR-49X807E SmartTV","XBR-49X807G SmartTV","XBR-49X850B SmartTV","XBR-49X900E SmartTV","XBR-49X900F SmartTV ","XBR-55A1E SmartTV ","XBR-55A8F SmartTV ","XBR-55A9F SmartTV","XBR-55A9G SmartTV","XBR-55X700D SmartTV","XBR-55X805G SmartTV","XBR-55X807G SmartTV","XBR-55X850B SmartTV","XBR-55X850D SmartTV","XBR-55X850E SmartTV","XBR-55X850G SmartTV","XBR-55X855G SmartTV","XBR-55X857G SmartTV","XBR-55X900B SmartTV","XBR-55X900C SmartTV","XBR-55X900E SmartTV","XBR-55X900F SmartTV ","XBR-55X930D SmartTV","XBR-55X930E SmartTV","XBR-55X950G SmartTV","XBR-55X955G SmartTV","XBR-55X957G SmartTV","XBR-55X990C SmartTV","XBR-60X830F SmartTV","XBR-60X835F SmartTV","XBR-65A1E SmartTV ","XBR-65A8F SmartTV ","XBR-65A8G SmartTV","XBR-65A9F SmartTV","XBR-65A9G SmartTV","XBR-65X800G SmartTV","XBR-65X805G SmartTV","XBR-65X807G SmartTV","XBR-65X850B SmartTV","XBR-65X850D SmartTV","XBR-65X850E SmartTV","XBR-65X850F SmartTV ","XBR-65X850G SmartTV","XBR-65X851F SmartTV","XBR-65X855G SmartTV","XBR-65X856F SmartTV","XBR-65X857G SmartTV","XBR-65X858F SmartTV","XBR-65X900B SmartTV","XBR-65X900C SmartTV","XBR-65X900E SmartTV","XBR-65X900F SmartTV ","XBR-65X930C SmartTV","XBR-65X930D SmartTV","XBR-65X930E SmartTV","XBR-65X950B SmartTV","XBR-65X950G SmartTV","XBR-65X955G SmartTV","XBR-65X957G SmartTV","XBR-65Z9D SmartTV","XBR-65Z9F SmartTV","XBR-70X830F SmartTV","XBR-70X835F SmartTV","XBR-70X850B SmartTV","XBR-75X800G SmartTV","XBR-75X805G SmartTV","XBR-75X807G SmartTV","XBR-75X850D SmartTV","XBR-75X850E SmartTV","XBR-75X850F SmartTV ","XBR-75X850G SmartTV","XBR-75X855F SmartTV","XBR-75X855G SmartTV","XBR-75X857F SmartTV","XBR-75X900E SmartTV","XBR-75X900F SmartTV ","XBR-75X900H SmartTV","XBR-75X910C SmartTV","XBR-75X940C SmartTV","XBR-75X940D SmartTV","XBR-75X940E SmartTV","XBR-75X945E SmartTV","XBR-75X947E SmartTV","XBR-75X950G SmartTV","XBR-75X955G SmartTV","XBR-75X957G SmartTV","XBR-75Z9D SmartTV","XBR-75Z9F SmartTV","XBR-77A1E SmartTV ","XBR-77A9G SmartTV","XBR-79X900B SmartTV","XBR-85X850D SmartTV","XBR-85X850F SmartTV ","XBR-85X850G SmartTV","XBR-85X855G SmartTV","XBR-85X857G SmartTV","XBR-85X900 SmartTV ","XBR-85X900F SmartTV","XBR-85X950B SmartTV","XBR-85X950G SmartTV","XBR-85X955G SmartTV","XBR-85Z9G SmartTV","XBR-X800F SmartTV","XBR-X850F SmartTV"]},"Api":{"Communication":{"CommunicationType":1,"Protocol":-1,"Baud":-1,"Parity":-1,"HwHandshake":-1,"SwHandshake":-1,"DataBits":0,"StopBits":-1,"Port":80,"EnableAutoPolling":true,"EnableAutoReconnect":true,"TimeBetweenCommands":200,"TimeBetweenCommandsOverride":0,"ResponseTimeout":3000,"WaitForResponse":true,"IpProtocol":0,"IsUserAdjustable":false,"Authentication":{"Type":"None","Required":false},"IsSecure":false,"UserAdjustableProperties":[],"DeviceId":0},"ColorButtons":[0,1,2,3],"ArtworkModes":{"SupportsArtworkMode":false,"SupportsArtworkModeOnPowerOff":false,"ArtworkModeOnCommand":"","ArtworkModeOffCommand":""},"VideoConfigurations":{"SupportsDisplayModes":false,"DisplayModes":[]},"MediaServiceProviders":{"SupportsMediaServices":true,"HasDirectAccessToApps":true,"SupportsActiveMediaServiceFeedback":false,"SupportsActiveMediaServiceStateFeedback":false,"SupportsMediaServiceSubscriptionStateFeedback":false,"AvailableServices":[{"Id":"tvtuner","FriendlyName":"TV","Command":"tv:atsct","IsBranded":false,"IsSelectable":true,"SupportedFeatureData":[{"ComponentInterface":"INavigation","SupportStatements":["SupportsArrowKeys","SupportsUpDown","SupportsLeftRight","SupportsSelect","SupportsExit"]},{"ComponentInterface":"IMediaTransport","SupportStatements":["SupportsBack"]},{"ComponentInterface":"IMediaTransportInfo","SupportStatements":["SupportsInfo"]},{"ComponentInterface":"IMediaTransportOptions","SupportStatements":["SupportsOptions"]},{"ComponentInterface":"IChannel","SupportStatements":["SupportsChangeChannel","SupportsSetChannel","SupportsChannelFeedback"]}]},{"Id":"googleplay","FriendlyName":"Play Store","Command":"com.sony.dtv.com.android.vending.com.google.android.finsky.tvmainactivity.TvMainActivity","IsBranded":true,"IsSelectable":true,"SupportedFeatureData":[{"ComponentInterface":"INavigation","SupportStatements":["SupportsArrowKeys","SupportsUpDown","SupportsLeftRight","SupportsSelect","SupportsExit","SupportsHome"]},{"ComponentInterface":"IMediaTransport","SupportStatements":["SupportsForwardScan","SupportsReverseScan","SupportsBack"]},{"ComponentInterface":"IMediaTransport2","SupportStatements":["SupportsPlay","SupportsPause"]},{"ComponentInterface":"IBasicVideoDisplay6","SupportStatements":["SupportsColorButtons"]}]},{"Id":"youtube","FriendlyName":"YouTube","Command":"com.sony.dtv.com.google.android.youtube.tv.com.google.android.apps.youtube.tv.activity.ShellActivity","IsBranded":true,"IsSelectable":true,"SupportedFeatureData":[{"ComponentInterface":"INavigation","SupportStatements":["SupportsArrowKeys","SupportsUpDown","SupportsLeftRight","SupportsSelect","SupportsExit","SupportsHome"]},{"ComponentInterface":"IMediaTransport","SupportStatements":["SupportsForwardScan","SupportsReverseScan","SupportsBack"]},{"ComponentInterface":"IMediaTransport2","SupportStatements":["SupportsPlay","SupportsPause"]},{"ComponentInterface":"IBasicVideoDisplay6","SupportStatements":["SupportsColorButtons"]}]},{"Id":"netflix","FriendlyName":"Netflix","Command":"com.sony.dtv.com.netflix.ninja.com.netflix.ninja.MainActivity","IsBranded":true,"IsSelectable":true,"SupportedFeatureData":[{"ComponentInterface":"INavigation","SupportStatements":["SupportsArrowKeys","SupportsUpDown","SupportsLeftRight","SupportsSelect","SupportsExit","SupportsHome"]},{"ComponentInterface":"IMediaTransport","SupportStatements":["SupportsForwardScan","SupportsReverseScan","SupportsBack"]},{"ComponentInterface":"IMediaTransport2","SupportStatements":["SupportsPlay","SupportsPause"]},{"ComponentInterface":"IBasicVideoDisplay6","SupportStatements":["SupportsColorButtons"]}]},{"Id":"vimeo","FriendlyName":"Vimeo","Command":"com.sony.dtv.com.vimeo.android.videoapp.com.vimeo.android.videoapp.core.MainActivity","IsBranded":true,"IsSelectable":true,"SupportedFeatureData":[{"ComponentInterface":"INavigation","SupportStatements":["SupportsArrowKeys","SupportsUpDown","SupportsLeftRight","SupportsSelect","SupportsExit","SupportsHome"]},{"ComponentInterface":"IMediaTransport","SupportStatements":["SupportsForwardScan","SupportsReverseScan","SupportsBack"]},{"ComponentInterface":"IMediaTransport2","SupportStatements":["SupportsPlay","SupportsPause"]},{"ComponentInterface":"IBasicVideoDisplay6","SupportStatements":["SupportsColorButtons"]}]},{"Id":"slingtv","FriendlyName":"Sling TV","Command":"com.sony.dtv.com.sling.com.movenetworks.StartupActivity","IsBranded":true,"IsSelectable":true,"SupportedFeatureData":[{"ComponentInterface":"INavigation","SupportStatements":["SupportsArrowKeys","SupportsUpDown","SupportsLeftRight","SupportsSelect","SupportsExit","SupportsHome"]},{"ComponentInterface":"IMediaTransport","SupportStatements":["SupportsForwardScan","SupportsReverseScan","SupportsBack"]},{"ComponentInterface":"IMediaTransport2","SupportStatements":["SupportsPlay","SupportsPause"]},{"ComponentInterface":"IBasicVideoDisplay6","SupportStatements":["SupportsColorButtons"]}]},{"Id":"siriusxmtv","FriendlyName":"SiriusXM TV","Command":"com.sony.dtv.tv.accedo.siriusxm.app.com.siriusxm.tvmodule.ui.splash.SplashActivity","IsBranded":true,"IsSelectable":true,"SupportedFeatureData":[{"ComponentInterface":"INavigation","SupportStatements":["SupportsArrowKeys","SupportsUpDown","SupportsLeftRight","SupportsSelect","SupportsExit","SupportsHome"]},{"ComponentInterface":"IMediaTransport","SupportStatements":["SupportsForwardScan","SupportsReverseScan","SupportsBack"]},{"ComponentInterface":"IMediaTransport2","SupportStatements":["SupportsPlay","SupportsPause"]},{"ComponentInterface":"IBasicVideoDisplay6","SupportStatements":["SupportsColorButtons"]}]},{"Id":"dishanywhere","FriendlyName":"Dish Anywhere","Command":"com.sony.dtv.com.sm.SlingGuide.Dish.com.sm.SlingGuide.Dish.DishLoginActivity","IsBranded":true,"IsSelectable":true,"SupportedFeatureData":[{"ComponentInterface":"INavigation","SupportStatements":["SupportsArrowKeys","SupportsUpDown","SupportsLeftRight","SupportsSelect","SupportsExit","SupportsHome"]},{"ComponentInterface":"IMediaTransport","SupportStatements":["SupportsForwardScan","SupportsReverseScan","SupportsBack"]},{"ComponentInterface":"IMediaTransport2","SupportStatements":["SupportsPlay","SupportsPause"]},{"ComponentInterface":"IBasicVideoDisplay6","SupportStatements":["SupportsColorButtons"]}]},{"Id":"playstationvue","FriendlyName":"PlayStation Vue","Command":"com.sony.dtv.com.snei.vue.atv.com.snei.vue.ui.LaunchActivity","IsBranded":true,"IsSelectable":true,"SupportedFeatureData":[{"ComponentInterface":"INavigation","SupportStatements":["SupportsArrowKeys","SupportsUpDown","SupportsLeftRight","SupportsSelect","SupportsExit","SupportsHome"]},{"ComponentInterface":"IMediaTransport","SupportStatements":["SupportsForwardScan","SupportsReverseScan","SupportsBack"]},{"ComponentInterface":"IMediaTransport2","SupportStatements":["SupportsPlay","SupportsPause"]},{"ComponentInterface":"IBasicVideoDisplay6","SupportStatements":["SupportsColorButtons"]}]},{"Id":"hulu","FriendlyName":"Hulu","Command":"com.sony.dtv.com.hulu.livingroomplus.com.hulu.livingroomplus.WKFactivity","IsBranded":true,"IsSelectable":true,"SupportedFeatureData":[{"ComponentInterface":"INavigation","SupportStatements":["SupportsArrowKeys","SupportsUpDown","SupportsLeftRight","SupportsSelect","SupportsExit","SupportsHome"]},{"ComponentInterface":"IMediaTransport","SupportStatements":["SupportsForwardScan","SupportsReverseScan","SupportsBack"]},{"ComponentInterface":"IMediaTransport2","SupportStatements":["SupportsPlay","SupportsPause"]},{"ComponentInterface":"IBasicVideoDisplay6","SupportStatements":["SupportsColorButtons"]}]},{"Id":"vudu","FriendlyName":"VUDU","Command":"com.sony.dtv.air.com.vudu.air.DownloaderTablet.air.com.vudu.air.DownloaderTablet.TvMainActivity","IsBranded":true,"IsSelectable":true,"SupportedFeatureData":[{"ComponentInterface":"INavigation","SupportStatements":["SupportsArrowKeys","SupportsUpDown","SupportsLeftRight","SupportsSelect","SupportsExit","SupportsHome"]},{"ComponentInterface":"IMediaTransport","SupportStatements":["SupportsForwardScan","SupportsReverseScan","SupportsBack"]},{"ComponentInterface":"IMediaTransport2","SupportStatements":["SupportsPlay","SupportsPause"]},{"ComponentInterface":"IBasicVideoDisplay6","SupportStatements":["SupportsColorButtons"]}]},{"Id":"tidal","FriendlyName":"TIDAL","Command":"com.sony.dtv.com.aspiro.tidal.com.aspiro.wamp.tv.TvLauncherActivity","IsBranded":true,"IsSelectable":true,"SupportedFeatureData":[{"ComponentInterface":"INavigation","SupportStatements":["SupportsArrowKeys","SupportsUpDown","SupportsLeftRight","SupportsSelect","SupportsExit","SupportsHome"]},{"ComponentInterface":"IMediaTransport","SupportStatements":["SupportsForwardScan","SupportsReverseScan","SupportsBack"]},{"ComponentInterface":"IMediaTransport2","SupportStatements":["SupportsPlay","SupportsPause"]},{"ComponentInterface":"IBasicVideoDisplay6","SupportStatements":["SupportsColorButtons"]}]},{"Id":"pandora","FriendlyName":"Pandora","Command":"com.sony.dtv.com.pandora.android.atv.com.pandora.android.MainActivity","IsBranded":true,"IsSelectable":true,"SupportedFeatureData":[{"ComponentInterface":"INavigation","SupportStatements":["SupportsArrowKeys","SupportsUpDown","SupportsLeftRight","SupportsSelect","SupportsExit","SupportsHome"]},{"ComponentInterface":"IMediaTransport","SupportStatements":["SupportsForwardScan","SupportsReverseScan","SupportsBack"]},{"ComponentInterface":"IMediaTransport2","SupportStatements":["SupportsPlay","SupportsPause"]},{"ComponentInterface":"IBasicVideoDisplay6","SupportStatements":["SupportsColorButtons"]}]},{"Id":"spotify","FriendlyName":"Spotify","Command":"com.sony.dtv.com.spotify.tv.android.com.spotify.tv.android.SpotifyTVActivity","IsBranded":true,"IsSelectable":true,"SupportedFeatureData":[{"ComponentInterface":"INavigation","SupportStatements":["SupportsArrowKeys","SupportsUpDown","SupportsLeftRight","SupportsSelect","SupportsExit","SupportsHome"]},{"ComponentInterface":"IMediaTransport","SupportStatements":["SupportsForwardScan","SupportsReverseScan","SupportsBack"]},{"ComponentInterface":"IMediaTransport2","SupportStatements":["SupportsPlay","SupportsPause"]},{"ComponentInterface":"IBasicVideoDisplay6","SupportStatements":["SupportsColorButtons"]}]},{"Id":"iheartradio","FriendlyName":"iHeartRadio","Command":"com.sony.dtv.com.clearchannel.iheartradio.tv.com.iheartradio.tv.activities.MainActivity","IsBranded":true,"IsSelectable":true,"SupportedFeatureData":[{"ComponentInterface":"INavigation","SupportStatements":["SupportsArrowKeys","SupportsUpDown","SupportsLeftRight","SupportsSelect","SupportsExit","SupportsHome"]},{"ComponentInterface":"IMediaTransport","SupportStatements":["SupportsForwardScan","SupportsReverseScan","SupportsBack"]},{"ComponentInterface":"IMediaTransport2","SupportStatements":["SupportsPlay","SupportsPause"]},{"ComponentInterface":"IBasicVideoDisplay6","SupportStatements":["SupportsColorButtons"]}]},{"Id":"deezer","FriendlyName":"deezer","Command":"com.sony.dtv.deezer.android.tv.com.deezer.android.tv.ui.feature.launch.LauncherActivityTv","IsBranded":true,"IsSelectable":true,"SupportedFeatureData":[{"ComponentInterface":"INavigation","SupportStatements":["SupportsArrowKeys","SupportsUpDown","SupportsLeftRight","SupportsSelect","SupportsExit","SupportsHome"]},{"ComponentInterface":"IMediaTransport","SupportStatements":["SupportsForwardScan","SupportsReverseScan","SupportsBack"]},{"ComponentInterface":"IMediaTransport2","SupportStatements":["SupportsPlay","SupportsPause"]},{"ComponentInterface":"IBasicVideoDisplay6","SupportStatements":["SupportsColorButtons"]}]},{"Id":"tuneinradio","FriendlyName":"TuneIn Radio","Command":"com.sony.dtv.tunein.player.tunein.ui.leanback.ui.activities.TvHomeActivity","IsBranded":true,"IsSelectable":true,"SupportedFeatureData":[{"ComponentInterface":"INavigation","SupportStatements":["SupportsArrowKeys","SupportsUpDown","SupportsLeftRight","SupportsSelect","SupportsExit","SupportsHome"]},{"ComponentInterface":"IMediaTransport","SupportStatements":["SupportsForwardScan","SupportsReverseScan","SupportsBack"]},{"ComponentInterface":"IMediaTransport2","SupportStatements":["SupportsPlay","SupportsPause"]},{"ComponentInterface":"IBasicVideoDisplay6","SupportStatements":["SupportsColorButtons"]}]},{"Id":"hbogo","FriendlyName":"HBO GO","Command":"com.sony.dtv.com.hbo.go.com.hbo.go.LaunchActivity","IsBranded":true,"IsSelectable":true,"SupportedFeatureData":[{"ComponentInterface":"INavigation","SupportStatements":["SupportsArrowKeys","SupportsUpDown","SupportsLeftRight","SupportsSelect","SupportsExit","SupportsHome"]},{"ComponentInterface":"IMediaTransport","SupportStatements":["SupportsForwardScan","SupportsReverseScan","SupportsBack"]},{"ComponentInterface":"IMediaTransport2","SupportStatements":["SupportsPlay","SupportsPause"]},{"ComponentInterface":"IBasicVideoDisplay6","SupportStatements":["SupportsColorButtons"]}]},{"Id":"hbonow","FriendlyName":"HBO NOW","Command":"com.sony.dtv.com.hbo.hbonow.com.hbo.go.LaunchActivity","IsBranded":true,"IsSelectable":true,"SupportedFeatureData":[{"ComponentInterface":"INavigation","SupportStatements":["SupportsArrowKeys","SupportsUpDown","SupportsLeftRight","SupportsSelect","SupportsExit","SupportsHome"]},{"ComponentInterface":"IMediaTransport","SupportStatements":["SupportsForwardScan","SupportsReverseScan","SupportsBack"]},{"ComponentInterface":"IMediaTransport2","SupportStatements":["SupportsPlay","SupportsPause"]},{"ComponentInterface":"IBasicVideoDisplay6","SupportStatements":["SupportsColorButtons"]}]},{"Id":"screenmirroring","FriendlyName":"Screen mirroring","Command":"com.sony.dtv.screnmirroring.com.screnmirroring.com.StartScreenMirroringHomeActivity","IsBranded":false,"IsSelectable":true,"SupportedFeatureData":[{"ComponentInterface":"INavigation","SupportStatements":["SupportsArrowKeys","SupportsUpDown","SupportsLeftRight","SupportsSelect","SupportsExit","SupportsHome"]},{"ComponentInterface":"IMediaTransport","SupportStatements":["SupportsForwardScan","SupportsReverseScan","SupportsBack"]},{"ComponentInterface":"IMediaTransport2","SupportStatements":["SupportsPlay","SupportsPause"]},{"ComponentInterface":"IBasicVideoDisplay6","SupportStatements":["SupportsColorButtons"]}]},{"Id":"album","FriendlyName":"Album","Command":"com.sony.dtv.com.sony.dtv.osat.album.com.sonyericsson.album.MainActivity","IsBranded":false,"IsSelectable":true,"SupportedFeatureData":[{"ComponentInterface":"INavigation","SupportStatements":["SupportsArrowKeys","SupportsUpDown","SupportsLeftRight","SupportsSelect","SupportsExit","SupportsHome"]},{"ComponentInterface":"IMediaTransport","SupportStatements":["SupportsForwardScan","SupportsReverseScan","SupportsBack"]},{"ComponentInterface":"IMediaTransport2","SupportStatements":["SupportsPlay","SupportsPause"]},{"ComponentInterface":"IBasicVideoDisplay6","SupportStatements":["SupportsColorButtons"]}]},{"Id":"music","FriendlyName":"Music","Command":"com.sony.dtv.com.sony.dtv.osat.music.com.sonyericsson.music.MusicActivity","IsBranded":false,"IsSelectable":true,"SupportedFeatureData":[{"ComponentInterface":"INavigation","SupportStatements":["SupportsArrowKeys","SupportsUpDown","SupportsLeftRight","SupportsSelect","SupportsExit","SupportsHome"]},{"ComponentInterface":"IMediaTransport","SupportStatements":["SupportsForwardScan","SupportsReverseScan","SupportsBack"]},{"ComponentInterface":"IMediaTransport2","SupportStatements":["SupportsPlay","SupportsPause"]},{"ComponentInterface":"IBasicVideoDisplay6","SupportStatements":["SupportsColorButtons"]}]},{"Id":"cbsnews","FriendlyName":"CBS News","Command":"com.sony.dtv.com.cbsnews.ott.com.cbsnews.ott.controllers.activities.MainActivity","IsBranded":true,"IsSelectable":true,"SupportedFeatureData":[{"ComponentInterface":"INavigation","SupportStatements":["SupportsArrowKeys","SupportsUpDown","SupportsLeftRight","SupportsSelect","SupportsExit","SupportsHome"]},{"ComponentInterface":"IMediaTransport","SupportStatements":["SupportsForwardScan","SupportsReverseScan","SupportsBack"]},{"ComponentInterface":"IMediaTransport2","SupportStatements":["SupportsPlay","SupportsPause"]},{"ComponentInterface":"IBasicVideoDisplay6","SupportStatements":["SupportsColorButtons"]}]},{"Id":"youtubekids","FriendlyName":"YouTube Kids","Command":"com.sony.dtv.com.google.android.youtube.tvkids.com.google.android.apps.youtube.tvkids.activity.MainActivity","IsBranded":true,"IsSelectable":true,"SupportedFeatureData":[{"ComponentInterface":"INavigation","SupportStatements":["SupportsArrowKeys","SupportsUpDown","SupportsLeftRight","SupportsSelect","SupportsExit","SupportsHome"]},{"ComponentInterface":"IMediaTransport","SupportStatements":["SupportsForwardScan","SupportsReverseScan","SupportsBack"]},{"ComponentInterface":"IMediaTransport2","SupportStatements":["SupportsPlay","SupportsPause"]},{"ComponentInterface":"IBasicVideoDisplay6","SupportStatements":["SupportsColorButtons"]}]},{"Id":"nba","FriendlyName":"NBA","Command":"com.sony.dtv.com.nbaimd.gametime.nba2011.com.neulion.MainActivity","IsBranded":true,"IsSelectable":true,"SupportedFeatureData":[{"ComponentInterface":"INavigation","SupportStatements":["SupportsArrowKeys","SupportsUpDown","SupportsLeftRight","SupportsSelect","SupportsExit","SupportsHome"]},{"ComponentInterface":"IMediaTransport","SupportStatements":["SupportsForwardScan","SupportsReverseScan","SupportsBack"]},{"ComponentInterface":"IMediaTransport2","SupportStatements":["SupportsPlay","SupportsPause"]},{"ComponentInterface":"IBasicVideoDisplay6","SupportStatements":["SupportsColorButtons"]}]},{"Id":"nbc","FriendlyName":"NBC","Command":"com.sony.dtv.com.nbcuni.nbc.androidtv.com.nbc.nbctvapp.activity.DeepLinkActivity","IsBranded":true,"IsSelectable":true,"SupportedFeatureData":[{"ComponentInterface":"INavigation","SupportStatements":["SupportsArrowKeys","SupportsUpDown","SupportsLeftRight","SupportsSelect","SupportsExit","SupportsHome"]},{"ComponentInterface":"IMediaTransport","SupportStatements":["SupportsForwardScan","SupportsReverseScan","SupportsBack"]},{"ComponentInterface":"IMediaTransport2","SupportStatements":["SupportsPlay","SupportsPause"]},{"ComponentInterface":"IBasicVideoDisplay6","SupportStatements":["SupportsColorButtons"]}]},{"Id":"redbulltv","FriendlyName":"Red Bull TV","Command":"com.sony.dtv.com.nousguide.android.rbtv.com.redbull.launch.SplashActivity","IsBranded":true,"IsSelectable":true,"SupportedFeatureData":[{"ComponentInterface":"INavigation","SupportStatements":["SupportsArrowKeys","SupportsUpDown","SupportsLeftRight","SupportsSelect","SupportsExit","SupportsHome"]},{"ComponentInterface":"IMediaTransport","SupportStatements":["SupportsForwardScan","SupportsReverseScan","SupportsBack"]},{"ComponentInterface":"IMediaTransport2","SupportStatements":["SupportsPlay","SupportsPause"]},{"ComponentInterface":"IBasicVideoDisplay6","SupportStatements":["SupportsColorButtons"]}]},{"Id":"tbs","FriendlyName":"TBS","Command":"com.sony.dtv.com.turner.tbs.android.networkapp.com.wme.app.MainActivityTv","IsBranded":true,"IsSelectable":true,"SupportedFeatureData":[{"ComponentInterface":"INavigation","SupportStatements":["SupportsArrowKeys","SupportsUpDown","SupportsLeftRight","SupportsSelect","SupportsExit","SupportsHome"]},{"ComponentInterface":"IMediaTransport","SupportStatements":["SupportsForwardScan","SupportsReverseScan","SupportsBack"]},{"ComponentInterface":"IMediaTransport2","SupportStatements":["SupportsPlay","SupportsPause"]},{"ComponentInterface":"IBasicVideoDisplay6","SupportStatements":["SupportsColorButtons"]}]},{"Id":"tnt","FriendlyName":"TNT","Command":"com.sony.dtv.com.turner.tnt.android.networkapp.com.wme.app.MainActivityTv","IsBranded":true,"IsSelectable":true,"SupportedFeatureData":[{"ComponentInterface":"INavigation","SupportStatements":["SupportsArrowKeys","SupportsUpDown","SupportsLeftRight","SupportsSelect","SupportsExit","SupportsHome"]},{"ComponentInterface":"IMediaTransport","SupportStatements":["SupportsForwardScan","SupportsReverseScan","SupportsBack"]},{"ComponentInterface":"IMediaTransport2","SupportStatements":["SupportsPlay","SupportsPause"]},{"ComponentInterface":"IBasicVideoDisplay6","SupportStatements":["SupportsColorButtons"]}]},{"Id":"twitch","FriendlyName":"Twitch","Command":"com.sony.dtv.tv.twitch.android.app.tv.twitch.android.apps.TwitchActivity","IsBranded":true,"IsSelectable":true,"SupportedFeatureData":[{"ComponentInterface":"INavigation","SupportStatements":["SupportsArrowKeys","SupportsUpDown","SupportsLeftRight","SupportsSelect","SupportsExit","SupportsHome"]},{"ComponentInterface":"IMediaTransport","SupportStatements":["SupportsForwardScan","SupportsReverseScan","SupportsBack"]},{"ComponentInterface":"IMediaTransport2","SupportStatements":["SupportsPlay","SupportsPause"]},{"ComponentInterface":"IBasicVideoDisplay6","SupportStatements":["SupportsColorButtons"]}]},{"Id":"playmovies\u0026tv","FriendlyName":"Play Movies \u0026 TV","Command":"com.sony.dtv.com.google.android.videos.com.google.android.videos.tv.presenter.activity.TvLauncherActivity","IsBranded":true,"IsSelectable":true,"SupportedFeatureData":[{"ComponentInterface":"INavigation","SupportStatements":["SupportsArrowKeys","SupportsUpDown","SupportsLeftRight","SupportsSelect","SupportsExit","SupportsHome"]},{"ComponentInterface":"IMediaTransport","SupportStatements":["SupportsForwardScan","SupportsReverseScan","SupportsBack"]},{"ComponentInterface":"IMediaTransport2","SupportStatements":["SupportsPlay","SupportsPause"]},{"ComponentInterface":"IBasicVideoDisplay6","SupportStatements":["SupportsColorButtons"]}]},{"Id":"video","FriendlyName":"Video","Command":"com.sony.dtv.com.sony.dtv.osat.video.com.sonyericsson.video.browser.BrowserActivity","IsBranded":false,"IsSelectable":true,"SupportedFeatureData":[{"ComponentInterface":"INavigation","SupportStatements":["SupportsArrowKeys","SupportsUpDown","SupportsLeftRight","SupportsSelect","SupportsExit","SupportsHome"]},{"ComponentInterface":"IMediaTransport","SupportStatements":["SupportsForwardScan","SupportsReverseScan","SupportsBack"]},{"ComponentInterface":"IMediaTransport2","SupportStatements":["SupportsPlay","SupportsPause"]},{"ComponentInterface":"IBasicVideoDisplay6","SupportStatements":["SupportsColorButtons"]}]},{"Id":"mlb.tv","FriendlyName":"MLB.TV","Command":"com.sony.dtv.com.bamnetworks.mobile.android.gameday.atbat.com.bamnetworks.mobile.android.gameday.atbat.appstart.viewcontrollers.SplashActivity","IsBranded":true,"IsSelectable":true,"SupportedFeatureData":[{"ComponentInterface":"INavigation","SupportStatements":["SupportsArrowKeys","SupportsUpDown","SupportsLeftRight","SupportsSelect","SupportsExit","SupportsHome"]},{"ComponentInterface":"IMediaTransport","SupportStatements":["SupportsForwardScan","SupportsReverseScan","SupportsBack"]},{"ComponentInterface":"IMediaTransport2","SupportStatements":["SupportsPlay","SupportsPause"]},{"ComponentInterface":"IBasicVideoDisplay6","SupportStatements":["SupportsColorButtons"]}]},{"Id":"bloomberg","FriendlyName":"Bloomberg","Command":"com.sony.dtv.com.bloomberg.btva.com.digiflare.videa.module.core.activities.StartActivity","IsBranded":true,"IsSelectable":true,"SupportedFeatureData":[{"ComponentInterface":"INavigation","SupportStatements":["SupportsArrowKeys","SupportsUpDown","SupportsLeftRight","SupportsSelect","SupportsExit","SupportsHome"]},{"ComponentInterface":"IMediaTransport","SupportStatements":["SupportsForwardScan","SupportsReverseScan","SupportsBack"]},{"ComponentInterface":"IMediaTransport2","SupportStatements":["SupportsPlay","SupportsPause"]},{"ComponentInterface":"IBasicVideoDisplay6","SupportStatements":["SupportsColorButtons"]}]},{"Id":"starz","FriendlyName":"STARZ","Command":"com.sony.dtv.com.bydeluxe.d3.android.program.starz.com.starz.amznfiretv.SplashActivity","IsBranded":true,"IsSelectable":true,"SupportedFeatureData":[{"ComponentInterface":"INavigation","SupportStatements":["SupportsArrowKeys","SupportsUpDown","SupportsLeftRight","SupportsSelect","SupportsExit","SupportsHome"]},{"ComponentInterface":"IMediaTransport","SupportStatements":["SupportsForwardScan","SupportsReverseScan","SupportsBack"]},{"ComponentInterface":"IMediaTransport2","SupportStatements":["SupportsPlay","SupportsPause"]},{"ComponentInterface":"IBasicVideoDisplay6","SupportStatements":["SupportsColorButtons"]}]},{"Id":"cnngo","FriendlyName":"CNN go","Command":"com.sony.dtv.com.cnn.mobile.android.tv.com.cnn.mobile.android.tv.splash.SplashActivity","IsBranded":true,"IsSelectable":true,"SupportedFeatureData":[{"ComponentInterface":"INavigation","SupportStatements":["SupportsArrowKeys","SupportsUpDown","SupportsLeftRight","SupportsSelect","SupportsExit","SupportsHome"]},{"ComponentInterface":"IMediaTransport","SupportStatements":["SupportsForwardScan","SupportsReverseScan","SupportsBack"]},{"ComponentInterface":"IMediaTransport2","SupportStatements":["SupportsPlay","SupportsPause"]},{"ComponentInterface":"IBasicVideoDisplay6","SupportStatements":["SupportsColorButtons"]}]},{"Id":"crackle","FriendlyName":"Sony Crackle","Command":"com.sony.dtv.com.crackle.androidtv.com.crackle.alwayson.app.HomeActivity","IsBranded":true,"IsSelectable":true,"SupportedFeatureData":[{"ComponentInterface":"INavigation","SupportStatements":["SupportsArrowKeys","SupportsUpDown","SupportsLeftRight","SupportsSelect","SupportsExit","SupportsHome"]},{"ComponentInterface":"IMediaTransport","SupportStatements":["SupportsForwardScan","SupportsReverseScan","SupportsBack"]},{"ComponentInterface":"IMediaTransport2","SupportStatements":["SupportsPlay","SupportsPause"]},{"ComponentInterface":"IBasicVideoDisplay6","SupportStatements":["SupportsColorButtons"]}]},{"Id":"crunchyroll","FriendlyName":"Crunchyroll","Command":"com.sony.dtv.com.crunchyroll.crunchyroid.com.crunchyroll.crunchyroid.MainActivity","IsBranded":true,"IsSelectable":true,"SupportedFeatureData":[{"ComponentInterface":"INavigation","SupportStatements":["SupportsArrowKeys","SupportsUpDown","SupportsLeftRight","SupportsSelect","SupportsExit","SupportsHome"]},{"ComponentInterface":"IMediaTransport","SupportStatements":["SupportsForwardScan","SupportsReverseScan","SupportsBack"]},{"ComponentInterface":"IMediaTransport2","SupportStatements":["SupportsPlay","SupportsPause"]},{"ComponentInterface":"IBasicVideoDisplay6","SupportStatements":["SupportsColorButtons"]}]},{"Id":"abc","FriendlyName":"ABC","Command":"com.sony.dtv.com.disney.datg.videoplatforms.android.abc.com.disney.datg.android.androidtv.SplashScreenActivity","IsBranded":true,"IsSelectable":true,"SupportedFeatureData":[{"ComponentInterface":"INavigation","SupportStatements":["SupportsArrowKeys","SupportsUpDown","SupportsLeftRight","SupportsSelect","SupportsExit","SupportsHome"]},{"ComponentInterface":"IMediaTransport","SupportStatements":["SupportsForwardScan","SupportsReverseScan","SupportsBack"]},{"ComponentInterface":"IMediaTransport2","SupportStatements":["SupportsPlay","SupportsPause"]},{"ComponentInterface":"IBasicVideoDisplay6","SupportStatements":["SupportsColorButtons"]}]},{"Id":"disneynow","FriendlyName":"DisneyNOW","Command":"com.sony.dtv.com.disney.datg.videoplatforms.android.watchdc.com.disney.datg.android.disney.ott.startup.TvSplashScreenActivity","IsBranded":true,"IsSelectable":true,"SupportedFeatureData":[{"ComponentInterface":"INavigation","SupportStatements":["SupportsArrowKeys","SupportsUpDown","SupportsLeftRight","SupportsSelect","SupportsExit","SupportsHome"]},{"ComponentInterface":"IMediaTransport","SupportStatements":["SupportsForwardScan","SupportsReverseScan","SupportsBack"]},{"ComponentInterface":"IMediaTransport2","SupportStatements":["SupportsPlay","SupportsPause"]},{"ComponentInterface":"IBasicVideoDisplay6","SupportStatements":["SupportsColorButtons"]}]},{"Id":"films","FriendlyName":"Films","Command":"com.sony.dtv.com.economist.newton.com.economist.newton.tv.ui.activity.SplashScreenActivityTV","IsBranded":false,"IsSelectable":true,"SupportedFeatureData":[{"ComponentInterface":"INavigation","SupportStatements":["SupportsArrowKeys","SupportsUpDown","SupportsLeftRight","SupportsSelect","SupportsExit","SupportsHome"]},{"ComponentInterface":"IMediaTransport","SupportStatements":["SupportsForwardScan","SupportsReverseScan","SupportsBack"]},{"ComponentInterface":"IMediaTransport2","SupportStatements":["SupportsPlay","SupportsPause"]},{"ComponentInterface":"IBasicVideoDisplay6","SupportStatements":["SupportsColorButtons"]}]},{"Id":"epix","FriendlyName":"EPIX","Command":"com.sony.dtv.com.epix.epix.com.epix.presentationtv.main.MainActivity","IsBranded":true,"IsSelectable":true,"SupportedFeatureData":[{"ComponentInterface":"INavigation","SupportStatements":["SupportsArrowKeys","SupportsUpDown","SupportsLeftRight","SupportsSelect","SupportsExit","SupportsHome"]},{"ComponentInterface":"IMediaTransport","SupportStatements":["SupportsForwardScan","SupportsReverseScan","SupportsBack"]},{"ComponentInterface":"IMediaTransport2","SupportStatements":["SupportsPlay","SupportsPause"]},{"ComponentInterface":"IBasicVideoDisplay6","SupportStatements":["SupportsColorButtons"]}]},{"Id":"espn","FriendlyName":"ESPN","Command":"com.sony.dtv.com.espn.score_center.com.espn.androidtv.ui.LoadingActivity","IsBranded":true,"IsSelectable":true,"SupportedFeatureData":[{"ComponentInterface":"INavigation","SupportStatements":["SupportsArrowKeys","SupportsUpDown","SupportsLeftRight","SupportsSelect","SupportsExit","SupportsHome"]},{"ComponentInterface":"IMediaTransport","SupportStatements":["SupportsForwardScan","SupportsReverseScan","SupportsBack"]},{"ComponentInterface":"IMediaTransport2","SupportStatements":["SupportsPlay","SupportsPause"]},{"ComponentInterface":"IBasicVideoDisplay6","SupportStatements":["SupportsColorButtons"]}]},{"Id":"fandangonow","FriendlyName":"FandangoNOW","Command":"com.sony.dtv.com.fandango.fandangonow.android.tv.com.fandango.fandangonow.android.tv.ui.activity.FNowTVActivity","IsBranded":true,"IsSelectable":true,"SupportedFeatureData":[{"ComponentInterface":"INavigation","SupportStatements":["SupportsArrowKeys","SupportsUpDown","SupportsLeftRight","SupportsSelect","SupportsExit","SupportsHome"]},{"ComponentInterface":"IMediaTransport","SupportStatements":["SupportsForwardScan","SupportsReverseScan","SupportsBack"]},{"ComponentInterface":"IMediaTransport2","SupportStatements":["SupportsPlay","SupportsPause"]},{"ComponentInterface":"IBasicVideoDisplay6","SupportStatements":["SupportsColorButtons"]}]},{"Id":"foodnetwork","FriendlyName":"Food Network","Command":"com.sony.dtv.com.foodnetwork.watcher.com.snidigital.androidtv.ui.splash.SplashActivity","IsBranded":true,"IsSelectable":true,"SupportedFeatureData":[{"ComponentInterface":"INavigation","SupportStatements":["SupportsArrowKeys","SupportsUpDown","SupportsLeftRight","SupportsSelect","SupportsExit","SupportsHome"]},{"ComponentInterface":"IMediaTransport","SupportStatements":["SupportsForwardScan","SupportsReverseScan","SupportsBack"]},{"ComponentInterface":"IMediaTransport2","SupportStatements":["SupportsPlay","SupportsPause"]},{"ComponentInterface":"IBasicVideoDisplay6","SupportStatements":["SupportsColorButtons"]}]},{"Id":"foxnow","FriendlyName":"FOX NOW","Command":"com.sony.dtv.com.fox.now.com.fox.app.HomeActivity","IsBranded":true,"IsSelectable":true,"SupportedFeatureData":[{"ComponentInterface":"INavigation","SupportStatements":["SupportsArrowKeys","SupportsUpDown","SupportsLeftRight","SupportsSelect","SupportsExit","SupportsHome"]},{"ComponentInterface":"IMediaTransport","SupportStatements":["SupportsForwardScan","SupportsReverseScan","SupportsBack"]},{"ComponentInterface":"IMediaTransport2","SupportStatements":["SupportsPlay","SupportsPause"]},{"ComponentInterface":"IBasicVideoDisplay6","SupportStatements":["SupportsColorButtons"]}]},{"Id":"foxsports","FriendlyName":"FOX Sports","Command":"com.sony.dtv.com.foxsports.android.com.fox.app.HomeActivity","IsBranded":true,"IsSelectable":true,"SupportedFeatureData":[{"ComponentInterface":"INavigation","SupportStatements":["SupportsArrowKeys","SupportsUpDown","SupportsLeftRight","SupportsSelect","SupportsExit","SupportsHome"]},{"ComponentInterface":"IMediaTransport","SupportStatements":["SupportsForwardScan","SupportsReverseScan","SupportsBack"]},{"ComponentInterface":"IMediaTransport2","SupportStatements":["SupportsPlay","SupportsPause"]},{"ComponentInterface":"IBasicVideoDisplay6","SupportStatements":["SupportsColorButtons"]}]},{"Id":"fsgo","FriendlyName":"FSGO","Command":"com.sony.dtv.com.foxsports.videogo.com.foxsports.videogo.splash.SplashTvActivity","IsBranded":true,"IsSelectable":true,"SupportedFeatureData":[{"ComponentInterface":"INavigation","SupportStatements":["SupportsArrowKeys","SupportsUpDown","SupportsLeftRight","SupportsSelect","SupportsExit","SupportsHome"]},{"ComponentInterface":"IMediaTransport","SupportStatements":["SupportsForwardScan","SupportsReverseScan","SupportsBack"]},{"ComponentInterface":"IMediaTransport2","SupportStatements":["SupportsPlay","SupportsPause"]},{"ComponentInterface":"IBasicVideoDisplay6","SupportStatements":["SupportsColorButtons"]}]},{"Id":"fxnow","FriendlyName":"FXNOW","Command":"com.sony.dtv.com.fxnetworks.fxnow.com.fxnetworks.fxnow.ui.fx.EntryActivity","IsBranded":true,"IsSelectable":true,"SupportedFeatureData":[{"ComponentInterface":"INavigation","SupportStatements":["SupportsArrowKeys","SupportsUpDown","SupportsLeftRight","SupportsSelect","SupportsExit","SupportsHome"]},{"ComponentInterface":"IMediaTransport","SupportStatements":["SupportsForwardScan","SupportsReverseScan","SupportsBack"]},{"ComponentInterface":"IMediaTransport2","SupportStatements":["SupportsPlay","SupportsPause"]},{"ComponentInterface":"IBasicVideoDisplay6","SupportStatements":["SupportsColorButtons"]}]},{"Id":"nfl","FriendlyName":"NFL","Command":"com.sony.dtv.com.gotv.nflgamecenter.us.lite.tv.youi.viper.ViperBootActivity","IsBranded":true,"IsSelectable":true,"SupportedFeatureData":[{"ComponentInterface":"INavigation","SupportStatements":["SupportsArrowKeys","SupportsUpDown","SupportsLeftRight","SupportsSelect","SupportsExit","SupportsHome"]},{"ComponentInterface":"IMediaTransport","SupportStatements":["SupportsForwardScan","SupportsReverseScan","SupportsBack"]},{"ComponentInterface":"IMediaTransport2","SupportStatements":["SupportsPlay","SupportsPause"]},{"ComponentInterface":"IBasicVideoDisplay6","SupportStatements":["SupportsColorButtons"]}]},{"Id":"hgtv","FriendlyName":"HGTV","Command":"com.sony.dtv.com.hgtv.watcher.com.discovery.discoverygo.discoverygo_firetv.views.SplashView","IsBranded":true,"IsSelectable":true,"SupportedFeatureData":[{"ComponentInterface":"INavigation","SupportStatements":["SupportsArrowKeys","SupportsUpDown","SupportsLeftRight","SupportsSelect","SupportsExit","SupportsHome"]},{"ComponentInterface":"IMediaTransport","SupportStatements":["SupportsForwardScan","SupportsReverseScan","SupportsBack"]},{"ComponentInterface":"IMediaTransport2","SupportStatements":["SupportsPlay","SupportsPause"]},{"ComponentInterface":"IBasicVideoDisplay6","SupportStatements":["SupportsColorButtons"]}]},{"Id":"nbcsports","FriendlyName":"NBC Sports","Command":"com.sony.dtv.com.nbcsports.apps.tv.com.nbcsports.apps.tv.MainController","IsBranded":true,"IsSelectable":true,"SupportedFeatureData":[{"ComponentInterface":"INavigation","SupportStatements":["SupportsArrowKeys","SupportsUpDown","SupportsLeftRight","SupportsSelect","SupportsExit","SupportsHome"]},{"ComponentInterface":"IMediaTransport","SupportStatements":["SupportsForwardScan","SupportsReverseScan","SupportsBack"]},{"ComponentInterface":"IMediaTransport2","SupportStatements":["SupportsPlay","SupportsPause"]},{"ComponentInterface":"IBasicVideoDisplay6","SupportStatements":["SupportsColorButtons"]}]},{"Id":"ufc","FriendlyName":"UFC","Command":"com.sony.dtv.com.neulion.smartphone.ufc.android.com.dicetv.MainActivity","IsBranded":true,"IsSelectable":true,"SupportedFeatureData":[{"ComponentInterface":"INavigation","SupportStatements":["SupportsArrowKeys","SupportsUpDown","SupportsLeftRight","SupportsSelect","SupportsExit","SupportsHome"]},{"ComponentInterface":"IMediaTransport","SupportStatements":["SupportsForwardScan","SupportsReverseScan","SupportsBack"]},{"ComponentInterface":"IMediaTransport2","SupportStatements":["SupportsPlay","SupportsPause"]},{"ComponentInterface":"IBasicVideoDisplay6","SupportStatements":["SupportsColorButtons"]}]},{"Id":"nhl","FriendlyName":"NHL","Command":"com.sony.dtv.com.nhl.gc1112.free.com.nhl.tv.launch.viewcontrollers.SplashActivity","IsBranded":true,"IsSelectable":true,"SupportedFeatureData":[{"ComponentInterface":"INavigation","SupportStatements":["SupportsArrowKeys","SupportsUpDown","SupportsLeftRight","SupportsSelect","SupportsExit","SupportsHome"]},{"ComponentInterface":"IMediaTransport","SupportStatements":["SupportsForwardScan","SupportsReverseScan","SupportsBack"]},{"ComponentInterface":"IMediaTransport2","SupportStatements":["SupportsPlay","SupportsPause"]},{"ComponentInterface":"IBasicVideoDisplay6","SupportStatements":["SupportsColorButtons"]}]},{"Id":"pbs","FriendlyName":"PBS","Command":"com.sony.dtv.com.pbs.video.com.pbs.video.ui.main.activities.StartupActivity","IsBranded":true,"IsSelectable":true,"SupportedFeatureData":[{"ComponentInterface":"INavigation","SupportStatements":["SupportsArrowKeys","SupportsUpDown","SupportsLeftRight","SupportsSelect","SupportsExit","SupportsHome"]},{"ComponentInterface":"IMediaTransport","SupportStatements":["SupportsForwardScan","SupportsReverseScan","SupportsBack"]},{"ComponentInterface":"IMediaTransport2","SupportStatements":["SupportsPlay","SupportsPause"]},{"ComponentInterface":"IBasicVideoDisplay6","SupportStatements":["SupportsColorButtons"]}]},{"Id":"showtime","FriendlyName":"SHOWTIME","Command":"com.sony.dtv.com.showtime.standalone.com.showtime.showtimeanytime.activities.IntroActivity","IsBranded":true,"IsSelectable":true,"SupportedFeatureData":[{"ComponentInterface":"INavigation","SupportStatements":["SupportsArrowKeys","SupportsUpDown","SupportsLeftRight","SupportsSelect","SupportsExit","SupportsHome"]},{"ComponentInterface":"IMediaTransport","SupportStatements":["SupportsForwardScan","SupportsReverseScan","SupportsBack"]},{"ComponentInterface":"IMediaTransport2","SupportStatements":["SupportsPlay","SupportsPause"]},{"ComponentInterface":"IBasicVideoDisplay6","SupportStatements":["SupportsColorButtons"]}]},{"Id":"unknownMediaService","FriendlyName":"Smart TV","Command":"","IsBranded":false,"IsSelectable":false,"SupportedFeatureData":[{"ComponentInterface":"INavigation","SupportStatements":["SupportsUpDown","SupportsLeftRight","SupportsArrowKeys","SupportsSelect","SupportsExit","SupportsHome"]},{"ComponentInterface":"IMediaTransport","SupportStatements":["SupportsForwardScan","SupportsReverseScan","SupportsBack"]},{"ComponentInterface":"IMediaTransport2","SupportStatements":["SupportsPlay","SupportsPause"]},{"ComponentInterface":"IBasicVideoDisplay6","SupportStatements":["SupportsColorButtons"]}]}],"FeedbackData":{"GroupHeader":"","ActiveServiceFeedbackData":{"GroupHeader":null,"Feedback":{"unknownMediaService":"MediaService","tvtuner":"TVTuner"}},"PlaybackStateFeedbackData":null},"MediaServicePollCommand":null,"MediaServicePollingEnabled":false,"MediaServiceSubscriptionStatePollCommand":null,"MediaServiceSubscriptionStatePollingEnabled":false,"MediaServicePlaybackStatePollCommand":null,"MediaServicePlaybackStatePollingEnabled":false},"StandardCommands":{"PowerOn":{"StandardCommand":6602,"Command":"setPowerStatus","Parameters":[]},"PowerOff":{"StandardCommand":6601,"Command":"setPowerStatus","Parameters":[]},"Hdmi1":{"StandardCommand":400,"Command":"extInput:hdmi?port=1","Parameters":[]},"Hdmi2":{"StandardCommand":401,"Command":"extInput:hdmi?port=2","Parameters":[]},"Hdmi3":{"StandardCommand":402,"Command":"extInput:hdmi?port=3","Parameters":[]},"Hdmi4":{"StandardCommand":403,"Command":"extInput:hdmi?port=4","Parameters":[]},"Input2":{"StandardCommand":1801,"Command":"extInput:component?port=1","Parameters":[]},"Composite1":{"StandardCommand":900,"Command":"extInput:composite?port=1","Parameters":[]},"Antenna1":{"StandardCommand":1400,"Command":"setPlayTvContent","Parameters":[]},"MuteOn":{"StandardCommand":4602,"Command":"setAudioMute","Parameters":[]},"MuteOff":{"StandardCommand":4601,"Command":"setAudioMute","Parameters":[]},"VolPlus":{"StandardCommand":7002,"Command":"+1","Parameters":[]},"VolMinus":{"StandardCommand":7001,"Command":"-1","Parameters":[]},"PowerPoll":{"StandardCommand":6603,"Command":"getPowerStatus","Parameters":[]},"InputPoll":{"StandardCommand":1900,"Command":"getPlayingContentInfo","Parameters":[]},"VolumePoll":{"StandardCommand":7003,"Command":"getVolumeInformation","Parameters":[]}},"CustomCommands":[],"InputConnections":[{"InputType":400,"InputConnector":20,"Description":"HDMI 1"},{"InputType":401,"InputConnector":20,"Description":"HDMI 2"},{"InputType":402,"InputConnector":20,"Description":"HDMI 3"},{"InputType":403,"InputConnector":20,"Description":"HDMI 4"}],"AudioInOut":{"Inputs":[{"type":400,"description":"HDMI 1","connector":10,"friendlyName":"HDMI 1"},{"type":401,"description":"HDMI 2","connector":10,"friendlyName":"HDMI 2"},{"type":402,"description":"HDMI 3","connector":10,"friendlyName":"HDMI 3"},{"type":403,"description":"HDMI 4","connector":10,"friendlyName":"HDMI 4"}],"Outputs":[{"type":29901,"description":"Audio out","connector":40,"friendlyName":"Audio out"},{"type":29701,"description":"Optical","connector":20,"friendlyName":"Optical"}]},"VideoInOut":{"Inputs":[{"type":400,"description":"HDMI1","connector":20,"friendlyName":"HDMI1"},{"type":401,"description":"HDMI2","connector":20,"friendlyName":"HDMI2"},{"type":402,"description":"HDMI3","connector":20,"friendlyName":"HDMI3"},{"type":403,"description":"HDMI4","connector":20,"friendlyName":"HDMI4"}],"Outputs":[]},"ArrowKeys":[0,1,2,3],"PowerWaitPeriod":{"UseLocalWarmupTimer":true,"WarmUpTime":10,"UseLocalCooldownTimer":true,"CoolDownTime":5},"Feedback":{"CommandAckNak":{"Ack":"200 OK","Nak":"Nak"},"Header":"","PowerFeedback":{"Feedback":{"Off":"standby","On":"active"},"GroupHeader":""},"MuteFeedback":{"Feedback":{"Off":"false","On":"true"},"GroupHeader":""},"InputFeedback":{"GroupHeader":"","Feedback":[{"InputType":400,"Feedback":"HDMI 1"},{"InputType":401,"Feedback":"HDMI 2"},{"InputType":402,"Feedback":"HDMI 3"},{"InputType":403,"Feedback":"HDMI 4"},{"InputType":900,"Feedback":"Video 1"},{"InputType":1801,"Feedback":"Video 2/Component"}]},"VolumeFeedback":{"GroupHeader":""},"EnergyStarFeedback":{"Feedback":{},"GroupHeader":""},"OnScreenDisplayFeedback":{"Feedback":{},"GroupHeader":""},"VideoMuteFeedback":{"Feedback":{},"GroupHeader":""},"LampHourFeedback":{"GroupHeader":""}}},"UserAttributes":[{"TypeName":"MessageBox","ParameterId":"Configuration Warning","Label":"Warning Information","Description":"The path to the settings below may vary slightly based on model and/or firmware version.","Persistent":false,"RequiredForConnection":"None","Data":{"DataType":"","Mask":"","DefaultValue":""}},{"TypeName":"MessageBox","ParameterId":"Configuration Notice 1","Label":"Setup Instructions","Description":"To enable IP control, Navigate to Settings \u003e Network \u003e Home Network \u003e IP Control \u003e Authentication and set to \u0027Normal and Pre-Shared Key\u0027","Persistent":false,"RequiredForConnection":"None","Data":{"DataType":"","Mask":"","DefaultValue":""}},{"TypeName":"OnScreenId","ParameterId":"OnScreenId","Label":"Pre-Shared Key needed for communication","Description":"This is required to control the display. Settings \u003e Network \u003e Home Network \u003e IP Control \u003e Pre-Shared Key","Persistent":true,"RequiredForConnection":"Before","Data":{"DataType":"String","Mask":"","DefaultValue":""}},{"TypeName":"MessageBox","ParameterId":"Configuration Notice 2","Label":"Setup Instructions","Description":"The following must be Enabled for IP control, Navigate to Settings \u003e Network \u003e Home Network \u003e IP Control \u003e Simple IP Control","Persistent":false,"RequiredForConnection":"None","Data":{"DataType":"","Mask":"","DefaultValue":""}},{"TypeName":"MessageBox","ParameterId":"Configuration Notice 3","Label":"Setup Instructions","Description":"The following must also be \u0027ON\u0027 for IP control on some TVs, Navigate to Settings \u003e Network \u003e Home Network \u003e Remote device/Renderer \u003e Remote device/Renderer","Persistent":false,"RequiredForConnection":"None","Data":{"DataType":"","Mask":"","DefaultValue":""}}]}}