{"CrestronSerialDeviceApi":{"DeviceSupport":{},"DeviceSupport2":[],"GeneralInformation":{"DeviceType":"Demo","Manufacturer":"Crestron","BaseModel":"Sample Paired Extension","VersionDate":"2023-07-06 19:07:34.000","DriverVersion":"20.0000.0023","SdkVersion":"5.00.000","Description":"A sample extension driver that is paired to a gateway","Guid":"f4477e5e-7a8a-4f67-a5ac-06c795cf004b","DependencyGroup":"","Developer":{"Company":"Example Company","Contact":"John Doe","Email":"you@YOUR COMPANY NAME HERE.com","Website":"www.YOUR COMPANY WEBSITE HERE.com","PhoneNumber":"(555) 555-5555"},"ExtensionDeviceData":{"IsExtensionDevice":true},"SupportedSeries":["Sample Paired Extension"],"SupportedModels":["Sample Paired Extension"]},"Api":{"Communication":{"CommunicationType":5,"TimeBetweenCommands":250,"ResponseTimeout":3000,"Authentication":{"Type":"None","Required":false}}},"UserAttributes":[]}}