{"CrestronSerialDeviceApi":{"DeviceSupport":{"SupportsArrowKeys":true,"SupportsClear":true,"SupportsColorButtons":true,"SupportsCoolDownTime":true,"SupportsDiscretePower":true,"SupportsEnter":true,"SupportsExit":true,"SupportsBack":true,"SupportsForwardScan":true,"SupportsForwardSkip":true,"SupportsKeypadNumber":true,"SupportsMenu":true,"SupportsPause":true,"SupportsPeriod":true,"SupportsPlay":true,"SupportsReverseScan":true,"SupportsReverseSkip":true,"SupportsStop":true,"SupportsTogglePower":true,"SupportsWarmUpTime":true,"SupportsFeedback":true,"SupportsEject":true,"SupportsPopUpMenu":true,"SupportsTopMenu":true,"SupportsHome":true,"SupportsSelect":true},"DeviceSupport2":null,"GeneralInformation":{"DeviceType":"Bluray Player","Manufacturer":"Crestron","BaseModel":"Generic CEC Bluray Player","VersionDate":"2023-07-06 19:07:33.000","DriverVersion":"20.0000.0023","SdkVersion":"2.00.002","Description":"Crestron Generic CEC Bluray Player Driver","Guid":"03522835-8510-41d0-80aa-fb23947c59a3","DependencyGroup":"","Developer":{"Company":"Crestron","Contact":"Crestron Support","Email":"support@crestron.com","Website":"www.crestron.com","PhoneNumber":"(888) 273-7876"},"SupportedSeries":["CEC Controlled-Bluray Player"],"SupportedModels":["Generic CEC Bluray Player"]},"Api":{"Communication":{"CommunicationType":3,"Protocol":-1,"Baud":-1,"Parity":-1,"HwHandshake":-1,"SwHandshake":-1,"DataBits":0,"StopBits":-1,"Port":0,"EnableAutoPolling":true,"EnableAutoReconnect":false,"TimeBetweenCommands":250,"ResponseTimeout":1000,"WaitForResponse":false,"IpProtocol":0,"IsUserAdjustable":false,"Authentication":{"Type":"None","Required":false},"IsSecure":false,"UserAdjustableProperties":[],"DeviceId":0},"PowerWaitPeriod":{"UseLocalWarmupTimer":true,"WarmUpTime":10,"UseLocalCooldownTimer":true,"CoolDownTime":5},"StandardCommands":{"Power":{"StandardCommand":6600,"Command":"[address]\\u0044\\u006B","Parameters":[]},"PowerOn":{"StandardCommand":6602,"Command":"[address]\\u0044\\u006D","Parameters":[]},"PowerOff":{"StandardCommand":6601,"Command":"[address]\\u0044\\u006C","Parameters":[]},"Clear":{"StandardCommand":11200,"Command":"[address]\\u0044\\u002C","Parameters":[]},"Menu":{"StandardCommand":15200,"Command":"[address]\\u0044\\u0009","Parameters":[]},"UpArrow":{"StandardCommand":10600,"Command":"[address]\\u0044\\u0001","Parameters":[]},"DownArrow":{"StandardCommand":10000,"Command":"[address]\\u0044\\u0002","Parameters":[]},"LeftArrow":{"StandardCommand":10200,"Command":"[address]\\u0044\\u0003","Parameters":[]},"RightArrow":{"StandardCommand":10400,"Command":"[address]\\u0044\\u0004","Parameters":[]},"Select":{"StandardCommand":10700,"Command":"[address]\\u0044\\u0000","Parameters":[]},"Eject":{"StandardCommand":6000,"Command":"[address]\\u0044\\u004A","Parameters":[]},"Home":{"StandardCommand":11000,"Command":"[address]\\u0044\\u0009","Parameters":[]},"Blue":{"StandardCommand":11800,"Command":"[address]\\u0044\\u0071","Parameters":[]},"Red":{"StandardCommand":11802,"Command":"[address]\\u0044\\u0072","Parameters":[]},"Green":{"StandardCommand":11801,"Command":"[address]\\u0044\\u0073","Parameters":[]},"Yellow":{"StandardCommand":11803,"Command":"[address]\\u0044\\u0074","Parameters":[]},"ForwardScan":{"StandardCommand":12800,"Command":"[address]\\u0044\\u0049","Parameters":[]},"ReverseScan":{"StandardCommand":12801,"Command":"[address]\\u0044\\u0048","Parameters":[]},"Pause":{"StandardCommand":12900,"Command":"[address]\\u0044\\u0046","Parameters":[]},"Play":{"StandardCommand":12901,"Command":"[address]\\u0044\\u0044","Parameters":[]},"Back":{"StandardCommand":13800,"Command":"[address]\\u0044\\u000D","Parameters":[]},"Stop":{"StandardCommand":14000,"Command":"[address]\\u0044\\u0045","Parameters":[]},"TopMenu":{"StandardCommand":14400,"Command":"[address]\\u0044\\u0010","Parameters":[]},"ForwardSkip":{"StandardCommand":14600,"Command":"[address]\\u0044\\u004B","Parameters":[]},"ReverseSkip":{"StandardCommand":14800,"Command":"[address]\\u0044\\u004C","Parameters":[]},"PopUpMenu":{"StandardCommand":15000,"Command":"[address]\\u0044\\u000B","Parameters":[]},"Exit":{"StandardCommand":11600,"Command":"[address]\\u0044\\u000D","Parameters":[]},"Enter":{"StandardCommand":10800,"Command":"[address]\\u0044\\u002B","Parameters":[]},"_0":{"StandardCommand":7400,"Command":"[address]\\u0044\\u0020","Parameters":[]},"_1":{"StandardCommand":7401,"Command":"[address]\\u0044\\u0021","Parameters":[]},"_2":{"StandardCommand":7402,"Command":"[address]\\u0044\\u0022","Parameters":[]},"_3":{"StandardCommand":7403,"Command":"[address]\\u0044\\u0023","Parameters":[]},"_4":{"StandardCommand":7404,"Command":"[address]\\u0044\\u0024","Parameters":[]},"_5":{"StandardCommand":7405,"Command":"[address]\\u0044\\u0025","Parameters":[]},"_6":{"StandardCommand":7406,"Command":"[address]\\u0044\\u0026","Parameters":[]},"_7":{"StandardCommand":7407,"Command":"[address]\\u0044\\u0027","Parameters":[]},"_8":{"StandardCommand":7408,"Command":"[address]\\u0044\\u0028","Parameters":[]},"_9":{"StandardCommand":7409,"Command":"[address]\\u0044\\u0029","Parameters":[]},"Period":{"StandardCommand":21000,"Command":"[address]\\u0044\\u002A","Parameters":[]}},"CustomCommands":[],"ArrowKeys":[0,1,2,3],"ColorButtons":[0,1,2,3],"Feedback":{"CommandAckNak":{"Ack":"","Nak":""},"Header":"","PowerFeedback":{"Feedback":{"On":"\\u0004\\u0090\\u0000","Off":"\\u0004\\u0090\\u0001"},"GroupHeader":"\\u0004\\u0090"},"PlayBackStatusFeedback":{"GroupHeader":""},"TrackFeedback":{"GroupHeader":""},"ChapterFeedback":{"GroupHeader":""},"TrackElapsedTimeFeedback":{"GroupHeader":""},"TrackRemainingTimeFeedback":{"GroupHeader":""},"ChapterElapsedTimeFeedback":{"GroupHeader":""},"ChapterRemainingTimeFeedback":{"GroupHeader":""},"TotalElapsedTimeFeedback":{"GroupHeader":""},"TotalRemainingTimeFeedback":{"GroupHeader":""},"EnergyStarFeedback":{"Feedback":{},"GroupHeader":""}},"AudioInOut":{"Inputs":[],"Outputs":[]},"VideoInOut":{"Inputs":[],"Outputs":[{"type":400,"description":"HDMI 1","connector":20,"friendlyName":"HDMI 1"}]}},"UserAttributes":[]}}