{"CrestronSerialDeviceApi":{"DeviceSupport":{"SupportsFeedback":false,"SupportsUsername":false,"SupportsPassword":false},"DeviceSupport2":[],"GeneralInformation":{"DeviceType":"Projector","Manufacturer":"Crestron","BaseModel":"Sample PairedDevice","VersionDate":"2023-07-06 19:07:34.000","DriverVersion":"20.0000.0023","SdkVersion":"3.00.000","Description":"Sample Platform Driver","Guid":"CA5BBC46-75DE-4f38-9422-E92EF46F1F5A","DependencyGroup":"","Developer":{"Company":"Example Company","Contact":"John Doe","Email":"you@YOUR COMPANY NAME HERE.com","Website":"www.YOUR COMPANY WEBSITE HERE.com","PhoneNumber":"(555) 555-5555"},"SupportedSeries":["Sample PairedDevice"],"SupportedModels":["Sample PairedDevice"],"ExtensionDeviceData":{"IsExtensionDevice":false,"IsMediaDevice":false,"IsMediaSource":false}},"Api":{"SupportsConfigurationUpdate":false,"Communication":{"CommunicationType":1,"Protocol":-1,"Baud":-1,"Parity":-1,"HwHandshake":-1,"SwHandshake":-1,"DataBits":0,"StopBits":-1,"Port":8080,"EnableAutoPolling":false,"EnableAutoReconnect":false,"TimeBetweenCommands":500,"ResponseTimeout":4000,"WaitForResponse":false,"IpProtocol":0,"IsUserAdjustable":false,"Authentication":{"Type":"None","Required":false},"IsSecure":false,"UserAdjustableProperties":[],"DeviceId":0},"Feedback":{"MinimumResponseTime":80000,"MaximumResponseTime":160000}},"UserAttributes":[]}}