{"CrestronSerialDeviceApi":{"DeviceSupport":{"SupportsChangeVolume":true,"SupportsCoolDownTime":true,"SupportsDiscreteMute":true,"SupportsDiscretePower":true,"SupportsMute":true,"SupportsWarmUpTime":true,"SupportsSetInputSource":true},"DeviceSupport2":null,"GeneralInformation":{"DeviceType":"Flat Panel Display","Manufacturer":"Crestron","BaseModel":"CEC Controlled-Display","VersionDate":"2023-07-06 19:07:33.000","DriverVersion":"20.0000.0023","SdkVersion":"2.05.001","Description":"Crestron Generic CEC Driver","Guid":"1D3A3D17-0F53-4f37-AF72-C5EEF9275477","DependencyGroup":"","Developer":{"Company":"Crestron","Contact":"Crestron Support","Email":"support@crestron.com","Website":"www.crestron.com","PhoneNumber":"(888) 273-7876"},"SupportedSeries":["CEC Controlled-Display"],"SupportedModels":["CEC Controlled-Display"]},"Api":{"Communication":{"CommunicationType":3,"Protocol":-1,"Baud":-1,"Parity":-1,"HwHandshake":-1,"SwHandshake":-1,"DataBits":0,"StopBits":-1,"Port":0,"EnableAutoPolling":true,"EnableAutoReconnect":false,"TimeBetweenCommands":500,"ResponseTimeout":5000,"WaitForResponse":false,"IpProtocol":0,"IsUserAdjustable":false,"Authentication":{"Type":"None","Required":false},"IsSecure":false,"UserAdjustableProperties":[],"DeviceId":0},"StandardCommands":{"PowerPoll":{"StandardCommand":6603,"Command":"\\u0040\\u008F","Parameters":[]},"Hdmi1":{"StandardCommand":400,"Command":"\\u004F\\u0082\\u0010\\u0000","Parameters":[]},"Hdmi2":{"StandardCommand":401,"Command":"\\u004F\\u0082\\u0020\\u0000","Parameters":[]},"Hdmi3":{"StandardCommand":402,"Command":"\\u004F\\u0082\\u0030\\u0000","Parameters":[]},"Hdmi4":{"StandardCommand":403,"Command":"\\u004F\\u0082\\u0040\\u0000","Parameters":[]},"VolMinus":{"StandardCommand":7001,"Command":"\\u0040\\u0044\\u0042","Parameters":[]},"VolPlus":{"StandardCommand":7002,"Command":"\\u0040\\u0044\\u0041","Parameters":[]},"MuteOn":{"StandardCommand":4602,"Command":"\\u0040\\u0044\\u0065","Parameters":[]},"MuteOff":{"StandardCommand":4601,"Command":"\\u0040\\u0044\\u0066","Parameters":[]},"Mute":{"StandardCommand":4600,"Command":"\\u0040\\u0044\\u0043","Parameters":[]}},"CustomCommands":[],"InputConnections":[{"InputType":400,"InputConnector":20,"Description":"HDMI1"},{"InputType":401,"InputConnector":20,"Description":"HDMI2"},{"InputType":402,"InputConnector":20,"Description":"HDMI3"},{"InputType":403,"InputConnector":20,"Description":"HDMI4"}],"AudioInOut":{"Inputs":[{"InputType":400,"InputConnector":10,"Description":"HDMI1"},{"InputType":401,"InputConnector":10,"Description":"HDMI2"},{"InputType":402,"InputConnector":10,"Description":"HDMI3"},{"InputType":403,"InputConnector":10,"Description":"HDMI4"}],"Outputs":[]},"VideoInOut":{"Inputs":[{"type":400,"description":"HDMI1","connector":20,"friendlyName":"HDMI1"},{"type":401,"description":"HDMI2","connector":20,"friendlyName":"HDMI2"},{"type":402,"description":"HDMI3","connector":20,"friendlyName":"HDMI3"},{"type":403,"description":"HDMI4","connector":20,"friendlyName":"HDMI4"}],"Outputs":[]},"ArrowKeys":[],"PowerWaitPeriod":{"UseLocalWarmupTimer":false,"WarmUpTime":10,"UseLocalCooldownTimer":false,"CoolDownTime":10},"Feedback":{"CommandAckNak":{"Ack":"ACK","Nak":""},"Header":"","PowerFeedback":{"Feedback":{"On":"\\u0000","Off":"\\u0001"},"GroupHeader":"\\u0004\\u0090"},"MuteFeedback":{"Feedback":{"On":"\\u0004\\u0000\\u0071\\u0004","Off":"\\u0004\\u0000\\u0071\\u0004"},"GroupHeader":"\\u0004\\u0000\\u0071"},"InputFeedback":{"GroupHeader":"\\u000F\\u0082","Feedback":[{"InputType":200,"Feedback":"\\u0082\\u0000\\u0000"}]},"VolumeFeedback":{"GroupHeader":""},"EnergyStarFeedback":{"Feedback":{},"GroupHeader":""},"OnScreenDisplayFeedback":{"Feedback":{},"GroupHeader":""},"VideoMuteFeedback":{"Feedback":{},"GroupHeader":""},"LampHourFeedback":{"GroupHeader":""}}},"UserAttributes":[]}}