{"CrestronSerialDeviceApi":{"DeviceSupport":{},"DeviceSupport2":[],"GeneralInformation":{"DeviceType":"Platform","Manufacturer":"Crestron","BaseModel":"Sample Platform","VersionDate":"2023-07-06 19:07:34.000","DriverVersion":"20.0000.0023","SdkVersion":"3.00.000","Description":"Sample Platform Driver","Guid":"0a0f7c91-8e73-4571-bf58-8e423f3b18bd","DependencyGroup":"","Developer":{"Company":"Example Company","Contact":"John Doe","Email":"you@YOUR COMPANY NAME HERE.com","Website":"www.YOUR COMPANY WEBSITE HERE.com","PhoneNumber":"(555) 555-5555"},"SupportedSeries":["Sample Platform"],"SupportedModels":["Sample Platform"]},"Api":{"SupportsConfigurationUpdate":false,"Communication":{"CommunicationType":0,"Protocol":0,"Baud":256,"Parity":0,"HwHandshake":0,"SwHandshake":0,"DataBits":8,"StopBits":1,"Port":0,"EnableAutoReconnect":false,"TimeBetweenCommands":500,"ResponseTimeout":4000,"WaitForResponse":false,"IpProtocol":0,"IsUserAdjustable":false,"Authentication":{"Type":"None","Required":false}},"Feedback":{"MinimumResponseTime":80000,"MaximumResponseTime":160000}},"UserAttributes":[],"Dependencies":["PairedDevice_Crestron_Sample.dll","PairedExtensionDevice_Crestron_Sample.dll","SamplePlatformCommon.dll"]}}